Rep,Last Activity Date,DS Last Activity Date,CED,CUSTOMER,Future $,DS Future $,Comments,DS Comments,COMPANY_NAME,CONTACT_NAME,ADDRESS,SUITE_NUMBER,CITY,POSTAL,PHONE,ACCOUNT,WEEKLY, SELECTED SIC ,DISTRICT CODE,FRENCH_PREFERRED_CORRESPONDENCE,POPULATION CODE,SIC DISCRIPTION,,A,2
,,,,YES,,,,,#1 QUALITY VEHICLE REPAIRS INC,,186 COCHLAN DRIVE,"MORDEN, MB R6M 1G5",MORDEN,R6M 1G5,(204)822-9818,5777,,,,,,,,,
,,,,,,,,,1 LIFE WORKPLACE SAFETY-HEALTH,"KOWALCHUK, THEO",175 MARION ST,,WINNIPEG,R2H 0T3,2042315433,,,874208,,,,SAFETY CONSULTANTS,KOWALCHUK,DARYL,OWNER
,,,,,,,,,1 MILLION CAR WASH & DETAILING,"ABDULREDHA, MOHAMMAD",583 MCPHILLIPS ST,B,WINNIPEG,R2X 2H1,2045824085,,,754201,,,,CAR WASHING & POLISHING,ABDULREDHA,MARY ANN,MANAGER
,,,,no,,,,,1 OR LESS DISCOUNT WAREHOUSE,,55 GOULET ST,,WINNIPEG,R2H 0R5,2042351310,,,912104,11,,9,"GOVERNMENT OFFICES-CITY, VILLAGE & TWP",,A,SITE MANAGER
,,,,,,,,,1 RAINBOW TAXI,,141 5TH ST,,BRANDON,R7A 3K5,2047174000,,,412101,,,,TAXICABS & TRANSPORTATION SERVICE,,,
,,,2017,NO,,,,,101 SUCCESS MANAGEMENT,,62 SCURFIELD BLVD,"WINNIPEG, MB R3Y 1M5",WINNIPEG,R3Y 1M5,(204)226-0074,6143,$19.61 ,,,,,,,,
,,,,,,,,,110 LEGION PLACE,"BALLENDINE, VAL",83 DENNIS ST W,,GLADSTONE,R0J 0T0,2043852305,,,805904,,,,RETIREMENT COMMUNITIES & HOMES,BALLENDINE,PAUL,MANAGER
,,,,,,,,,1104 BEAUTY BAR,"ST GODARD, LISA",1104 PEMBINA HWY,,WINNIPEG,R3T 1Z9,2044142508,,,723106,,,,BEAUTY SALONS,ST GODARD,DOUG,OWNER
,,,,,,,,,13TH HOUR TATTOO,,304 NOTRE DAME AVE,,WINNIPEG,R3B 1P4,2049441313,,,729943,,,,TATTOOING,,,
,,,,,,,,,18 WHEELER SAFETY & REPAIR SHP,"PETERS, CORNIE",500 GEORGE AVE,,WINKLER,R6W 0J4,2043314162,,,753812,,,,TRUCK-REPAIRING & SERVICE,PETERS,DARIO,OWNER
,,,,,,,,,18 WHEELER TRUCK ACCESSORIES,"MELANSON, JOE",261 OAK POINT HWY,1,WINNIPEG,R2R 1T9,2046324966,,,501302,,,,TRUCK EQUIPMENT & PARTS-WHOLESALE,MELANSON,JIM,EXEC DIRECTOR
,,,,,,,,,1-800-GOT-JUNK,"CLARK, KEITH",897 HENDERSON HWY,,WINNIPEG,R2K 2L8,2043385865,,,495302,,,,GARBAGE COLLECTION,CLARK,GILBERT,OWNER
,,,,,,,,,18TH ST HUSKY,"FISHER, JASON",225 18TH ST,2,BRANDON,R7A 5A6,2047252999,,,541103,,,,CONVENIENCE STORES,FISHER,ROBERT,MANAGER
,,,,,,,,,19TH HOLE BAR & GRILL,,1084 PTH,30,GRETNA,R0G 0V0,2043275496,,,581208,,,,RESTAURANTS,,,
,,,,,,,,,1ST CHOICE PEST SVC,"FALINSKI, ELAINE",211 ENFIELD CRES,,WINNIPEG,R2H 1B3,2044713878,,,734201,,,,PEST CONTROL,FALINSKI,JORGE,DIRECTOR
,,,,,,,,,1ST CHOICE RV-AUTO RESTORATION,,RR 5,,SPRINGFIELD,R2C 2Z2,2042228291,,,753204,,,,AUTOMOBILE RESTORATION-ANTIQUE & CLASSIC,,,
,,,,,,,,,1ST CHOICE TOUCH UP & DENT RPR,,3081 PORTAGE AVE,,WINNIPEG,R3K 0W4,2048965337,,,753201,,,,AUTOMOBILE BODY-REPAIRING & PAINTING,,,
,,,,,,,,,1T KNOWLEDGE,"BURNSIDE, DAVE",1038 PORTAGE AVE,,WINNIPEG,R3G 0S2,2044149018,,,737101,,,,COMPUTER SERVICES,BURNSIDE,JIM,OWNER
,,,,,,,,,2 & 10 METAL RECYCLING LTD,"FLIKWEERT, JASON",SW 2-8-19W,,SOURIS,R0K 2C0,2044832491,,,331218,,,,SCRAP METAL PRODUCTS-MFRS,FLIKWEERT,ROBERT,OWNER
,,,,,,,,,2 KELLY'S CAFE,"LOEWEN, PETER",81 GARRY ST,3,WINNIPEG,R3C 4J9,2049424020,,,581208,,,,RESTAURANTS,LOEWEN,KRISTEN,PRINCIPAL
,,,,,,,,,20/20 EYE CARE,"ROBINSON, GILLIAN OD",835 DAKOTA ST,2,WINNIPEG,R2M 5M2,2049532020,,,599503,,,,CONTACT LENSES,ROBINSON,JENIECE,OWNER
,,,,,,,,,20/20 SEED LABS INC,"LAFRENICRE, SHARI",3487 PEMBINA HWY,,WINNIPEG,R3V 1A4,2042613755,,,873402,,,,LABORATORIES-TESTING,LAFRENICRE,DOLORES,OWNER
,,,,,,,,,2005 ASPER CORP,,201 PORTAGE AVE,1504,WINNIPEG,R3B 3K6,2049895530,,,999977,,,,NONCLASSIFIED ESTABLISHMENTS,,,
,,,,,,,,,204 SKATE SHOP,"MELLIN, CHRIS",240 MANITOBA AVE,,SELKIRK,R1A 0Y5,2047859173,,,594116,,,,SKATEBOARDS & EQUIPMENT,MELLIN,KIRRILY,MANAGER
,,,,,,,,,21ST CENTURY ENTERTAINMENT INC,"PULLEN, HEATHER",1205 RICHARD AVE,,WINNIPEG,R3E 3H3,2047862777,,,573117,,,,ELECTRONIC EQUIPMENT & SUPPLIES-RETAIL,PULLEN,DARLENE,RELIGIOUS DIR
,,,,,,,,,2211 MUSIC RECORDING STUDIO,"LARSON, CRAIG",PO BOX 12 RPO SOUTH ST-VITAL,,WINNIPEG,R2N 3X9,2042556622,,,738947,,,,RECORDING STUDIOS,LARSON,CAROL,SITE MANAGER
,,,,,,,,,2298792 MANITOBA LTD,,6475 SOUTHBOINE DR,,WINNIPEG,R3R 0B7,2048965005,,,912102,,,,GOVERNMENT OFFICES-STATE,,,
,,,,,,,,,234 ON PORTAGE LTD,,234 PORTAGE AVE,,WINNIPEG,R3C 0B1,2042374234,,,723119,,,,SPAS-BEAUTY & DAY,,,
,,,,,,,,,24 7 QUALITY HM & HEALTH CARE,"MEDRANO, MARIO",2211 MCPHILLIPS ST,203,WINNIPEG,R2V 3M5,2045895002,,,809907,,,,HEALTH SERVICES,MEDRANO,GARY,OWNER
,,,,,,,,,255 WELLINGTON,,255 WELLINGTON CRES,,WINNIPEG,R3M 0A1,2044531088,,,651301,,,,CONDOMINIUMS,,,
,,,,,,,,,26TH FIELD REGIMENT MUSEUM,"MCARTHUR, ED",1116 VICTORIA AVE,,BRANDON,R7A 1B2,2047282559,,,841201,,,,MUSEUMS,MCARTHUR,MARLENE,OWNER
,,,,YES,,,,,2774861 MANITOBA LTD.,,200 MAIN STREET,"WINNIPEG, MB R3C 4M2",WINNIPEG,R3T 5P4,,2549,,,,,,,,B,2
,,,,YES,,,,,2783844 MANITOBA LTD.,,3RD FL 865 WAVERLEY STREET,"WINNIPEG, MB R3T 5P4",SELKIRK,R3Y 1N4,(204)896-1209,1223,,,,,,,,,
,,,,,,,,,2K SIGNS & GRAPHICS,"KELLER, SELI",171 GUNN,,WINNIPEG,R2C 2Z2,2049962125,,,399302,,,,SIGNS (MFRS),KELLER,RICK,DIRECTOR
,,,,,,,,,2TIM COPANY,,761 SPRUCE ST,,WINNIPEG,R3G 2Z4,2048990108,,,999977,,,,NONCLASSIFIED ESTABLISHMENTS,,,
,,,,,,,,,3 D ROOFING,"DOUGLAS, DAVID",19 LONEOAK PL,,WINNIPEG,R2J 4A5,2048014142,,,176109,,,,ROOFING CONTRACTORS,DOUGLAS,MARNEY,OWNER
,,,,,,,,,3 D SIGNATURES INC,"FLOWERDAY, JASON",175 HARGRAVE ST,211,WINNIPEG,R3C 3R8,2045820922,,,873304,,,,MEDICAL RESEARCH,FLOWERDAY,RICHARD,PRINCIPAL
,,,,,,,,,3 F CARPENTRY & WOODWORK,"FRANKLIN, DAN",629 FLEET AVE,,WINNIPEG,R3M 1J7,2047920800,,,152105,,,,HOME IMPROVEMENTS,FRANKLIN,RICHARD,SITE MANAGER
,,,,,,,,,3 FATHOMS SCUBA LTD,"SUTHERLAND, IAN",163 HENDERSON HWY,,WINNIPEG,R2L 1L5,2046682816,,,594113,,,,SPORTING GOODS-RETAIL,SUTHERLAND,MOHAMMED,PRESIDENT
,,,,,,,,,3 SEASONS LANDSCAPING INC,"WEINBERG, GARY",3130 WILKES AVE,,WINNIPEG,R3S 1A7,2048954422,,,78204,,,,LANDSCAPE CONTRACTORS,WEINBERG,DIANE,OWNER
,,,,,,,,,3 THUMBS UP PRINTING,"NGUYEN, PHU",654 MCGEE ST,,WINNIPEG,R3E 1W8,2046913663,,,275202,,,,PRINTERS (MFRS),NGUYEN,WILLIAM,PRESIDENT
,,,,,,,,,3244571 MANITOBA LTD,,1070 BRAZIER ST,207,WINNIPEG,R2K 2P5,2046549507,,,653127,,,,RENTAL AGENCIES,,,
,,,,,,,,,340 TRADING POST,"VAN STEELAND, DARRELL",14 SHILO RD,,DOUGLAS,R0K 0R0,2047638867,,,541103,,,,CONVENIENCE STORES,VAN STEELAND,GEORGE,MANAGER
,,,2014,NO,,,,,353 EVELINE LTD,,353 EVELINE,"SELKIRK, MB R3Y 1N4",SELKIRK,R3Y 1N4,(204)928-5004,1223,,,,,,,,,
,,,2011,NO,,,,,36 ST MARY'S ROAD AUTO SVC LTD,"ASENDER, MAMOON",36 ST MARY'S RD,,WINNIPEG,R2H 1H4,2042378838,6470,$28.00 ,753801,,,,AUTOMOBILE REPAIRING & SERVICE,ASENDER,JAMES,EXEC DIRECTOR
,,,,,,,,,360 COMPUTERS,"SCHEERDER, DAVE",3111 PORTAGE AVE,B,WINNIPEG,R3K 0W4,2048321178,,,573407,,,,COMPUTER & EQUIPMENT DEALERS,SCHEERDER,JIM,PRINCIPAL
,,,,,,,,,360 HAIR & NAIL SALON,"LANDER, SHAEL",360 MAIN ST,A17,WINNIPEG,R3C 2Z3,2049564247,,,723106,,,,BEAUTY SALONS,LANDER,SARINA,MANAGER
,,,(204)489-9025,,,,,,3647138 MANITOBA,,1670 CORYDON AVENUE,"WINNIPEG, MB R3N 0J7",,,,,,,,,,,,,
,,,(   )   -,,,,,,365 HARGRAVE,,365 HARGRAVE STREET,"WINNIPEG, MB ",,,,,,,,,,,,,
,,,,,,,,,365 TECHNOLOGIES INC,"ANDERSON, MICHAEL",555 PLINGUET ST,,WINNIPEG,R2J 0G2,2044883655,,,737905,,,,COMPUTER CONSULTANTS,ANDERSON,KAY,OWNER
,,,(204)355-5180,,,,,,3845151 MANITOBA LTD.,,HWY 12 & 311 W. 4 MILES,"STE ANNE, MB R5H 1R1",,,,,,,,,,,,,
,,,(204)774-2505,,,,,,386 BROADWAY AVENUE,,601-386 BROADWAY AVENUE,"WINNIPEG, MB R3C 3R6",,,,,,,,,,,,,
,,,(204)791-6714,,,,,,3870902 MANITOBA LIMITED,,136 MARKET,"WINNIPEG, MB R3B 0P4",,,,,,,,,,,,,
,,,(204)956-2400,,,,,,3898211 MANITOBA LTD.,,"Y003,393 PORTAGE AVE(IMAX)","WINNIPEG, MB R3B 3H6",,,,,,,,,,,,,
,,,(204)889-5566,,,,,,3910083 MANITOBA LTD.,,5028 ROBLIN BLVD.,"WINNIPEG, MB R3R 0G7",,,,,,,,,,,,,
,,,,no,,,,,3-PHASE ELECTRICAL LTD,JOHN GIGLIOTTI,65 TROTTIER BAY,,WINNIPEG,R3T 3R3,2042552111,,,581216,11,,9,BANQUETS-ARRANGED,,B,2
,,,,,,,,,4 AV FUEL,"DARVILL, DERRICK",759 GREENWOOD AVE,,SELKIRK,R1A 2B1,2047859396,,,517223,,,,AVIATION FUEL (WHLS),DARVILL,CLOUDE,RELIGIOUS DIR
,,,,,,,,,4 J MANAGEMENT,,726 ST MARY'S RD,,WINNIPEG,R2M 3N2,2044173047,,,874201,,,,BUSINESS MANAGEMENT CONSULTANTS,,,
,,,,,,,,,4 KLEEN BUILDING MAINTENANCE,,562 ST MARY'S RD,,WINNIPEG,R2M 3L5,2042370158,,,734902,,,,JANITOR SERVICE,,,
,,,,,,,,,4 L COMMUNICATIONS,"DYCK, TED",T23A-15 REGENT AVE W,,WINNIPEG,R2C 4J2,2049276363,,,506505,,,,RADIO PAGING/SIGNALING EQPT SYSTS (WHLS),DYCK,TAMMY,OWNER
,,,(204)221-4583,,,,,,4 PLAY SPORTS BAR & GRILL,,212-323 PORTAGE AVENUE,"WINNIPEG, MB R3B 2C1",,,,,,,,,,,,,
,,,,,,,,,4 REFUEL,"INKSTER, ARCHIE",821 LAGIMODIERE BLVD,,WINNIPEG,R2J 0T8,2042313631,,,517206,,,,OILS-FUEL (WHLS),INKSTER,DAVID F,OWNER
,,,,,,,,,4 SAFETY SENSE LTD,,125 BROAD BAY,,WINNIPEG,R2G 0R1,2046544418,,,874208,,,,SAFETY CONSULTANTS,,,
,,,,,,,,,4 SEASON WINDOW CURTAIN-FABRIC,,724 ST MARY'S RD,,WINNIPEG,R2M 3N2,2044211166,,,594902,,,,FABRIC SHOPS,,,
,,,,,,,,,4 SEASONS HAIR DESIGN,"STARR, LEANNE",400 RUE DES MEURONS,121,WINNIPEG,R2H 3H3,2042312650,,,723106,,,,BEAUTY SALONS,STARR,RON,OWNER
,,,,,,,,,4 SEASONS HEATING & COOLING,"THEDIQUE, EDITH",1077 KEEWATIN ST,,WINNIPEG,R2X 2Z3,2049535700,,,171102,,,,HEATING CONTRACTORS,THEDIQUE,DEREK,PRESIDENT
,,,(204)697-0979,,,,,,4- WAY TRANSPORTATION,,2061 LOGAN AVENUE,"WINNIPEG, MB R2R 0J1",,,,,,,,,,,,,
,,,,,,,,,4 WHEEL COUNTRY,"PENNER, DEREK",490 GEORGE AVE,,WINKLER,R6W 0J4,2043257575,,,753208,,,,VAN & TRUCK CONVERSIONS & ACCESSORIES,PENNER,JAMES,OWNER
,,,,,,,,,400 MANAGEMENT GROUP,"PODHEISER, LEN",400 TACHE AVE,700,WINNIPEG,R2H 3C3,2042371210,,,653108,,,,REAL ESTATE MANAGEMENT,PODHEISER,GAIL,PRESIDENT
,,,,,,,,,412 NAIRN AUTO SALES INC,"BERNER, RICK",412 NAIRN AVE,,WINNIPEG,R2L 0X2,2046694440,,,551103,,,,AUTOMOBILE DEALERS-USED CARS,BERNER,SUNDEE,DIRECTOR
,,,(204)725-0246,,,,,,4138503 MANITOBA LTD.,,1815 MIDDLETON AVENUE,"BRANDON, MB R7C 1A8",,,,,,,,,,,,,
,,,,,,,,,43 MAIN ST YOUTH DROP IN CTR,,43 MAIN ST,,CARBERRY,R0K 0H0,2048343161,,,832222,,,,YOUTH ORGANIZATIONS & CENTERS,,DREW,
,,,,,,,,,431 DEMOLITION,,230 GREENWAY CRES W,,WINNIPEG,R2Y 1Z2,2048053976,,,179502,,,,DEMOLITION CONTRACTORS,,,
,,,,,,,,,456 CONVENIENCE STORE,"GUTIRREZ, ROLANDA",84 MANDALAY DR,,WINNIPEG,R2P 1V8,2047830257,,,541103,,,,CONVENIENCE STORES,GUTIRREZ,LUKE,OWNER
,,,(   )   -,,,,,,4719698 MANITOBA LTD,,757 CORYDON AVENUE,"WINNIPEG, MB R3M 0W5",,,,,,,,,,,,,
,,,,,,,,,4726031 MANITOBA LTD,,344 CUMBERLAND AVE,,WINNIPEG,R3B 1T3,2049562183,,,861102,,,,ASSOCIATIONS,,,
,,,,,,,,,474 HARGRAVE CORP,,474 HARGRAVE ST,,WINNIPEG,R3A 0X5,2049433437,,,653132,,,,HOUSING AUTHORITIES,,,
,,,,,,,,,4779283 MANITOBA LTD,,343 AIRPORT DR,,WINKLER,R6W 0J9,2043250250,,,308401,,,,PIPE-PLASTIC (MFRS),,,
,,,,,,,,,4840896 MANITOBA LTD,,90 GERTIE ST,2,WINNIPEG,R3A 1B6,2049449467,,,912102,,,,GOVERNMENT OFFICES-STATE,,,
,,,,,,,,,49 NORTH LUBRICANTS,,1429 MOUNTAIN AVE,2,WINNIPEG,R2X 2Y9,2046949100,,,517214,,,,OILS-LUBRICATING-WHOLESALE,,,
,,,(204)694-9100,,,,,,49 NORTH LUBRICANTS,,1429 MOUNTAIN AVENUE,"WINNIPEG, MB R2X 2Y9",,,,,,,,,,,,,
,,,,,,,,,494 SECURITY SVC,,128 JAMES AVE,101,WINNIPEG,R3B 0N8,2049424944,,,738102,,,,SECURITY GUARD & PATROL SERVICE,,,
,,,,,,,,,49TH PARALLEL TAX SVC INC,,135 INNOVATION DR,200,WINNIPEG,R3T 6A8,2042691459,,,729101,,,,TAX RETURN PREPARATION & FILING,,,
,,,,no,,,,,4-WAY TAXI,HEIKO VINN,1302 ROSSER,,BRANDON,R7A 4E9,2047272500,,,541105,7,,5,GROCERS-RETAIL,,I,2
,,,,,,,,,5 M WELDING,"MAC DONALD, JOHN",1ST AVE N,,CLANWILLIAM,R0J 0K0,2048652334,,,769203,,,,WELDING,MAC DONALD,VIKTORIA,PRINCIPAL
,,,,,,,,,5 S PROPERTY SVC INC,"NTUNGO, CHRISPIN",23 KINGFISHER CRES,,WINNIPEG,R3Y 0C7,2042230784,,,78206,,,,LAWN & GROUNDS MAINTENANCE,NTUNGO,RON,OWNER
,,,,,,,,,5 STAR FURNACE & DUCT CLEANING,,1027 MULVEY AVE,,WINNIPEG,R3M 1G9,2047777827,,,171110,,,,FURNACES-REPAIRING & CLEANING,,,
,,,,,,,,,5 STAR MANUFACTURED HM MOVERS,,PO BOX 299,,HOLLAND,R0G 0X0,2045262821,,,421312,,,,MOBILE HOMES-TRANSPORTING,,,
,,,,,,,,,5 STORE,"DAFOE, CATHY",21 5 PTH,,RIDING MOUNTAIN,R0J 1T0,2049672507,,,541105,,,,GROCERS-RETAIL,DAFOE,AMBER,OWNER
,,,(204)325-4753,,,,,,500 MAIN STREET,,500 MAIN STREET,"WINKLER, MB R6W 1J3",,,,,,,,,,,,,
,,,(204)723-2283,,,,,,5003245 MANITOBA LTD.,,BOX 550,"TREHERNE, MB R0G 2V0",,,,,,,,,,,,,
,,,,,,,,,5023297 MANITOBA LTD,,630 NOTRE DAME AVE,,WINNIPEG,R3B 1S9,2047860901,,,912102,,,,GOVERNMENT OFFICES-STATE,,,
,,,,,,,,,511 ROBINSON,"KEPPLER, ALVIN",511 ROBINSON AVE,,SELKIRK,R1A 1E5,2044822111,,,821103,,,,SCHOOLS,KEPPLER,GEORGE,OWNER
,,,,,,,,,5211182 MANITOBA LTD,,1329 NIAKWA RD E,9,WINNIPEG,R2J 3T4,2042560920,,,912102,,,,GOVERNMENT OFFICES-STATE,,,
,,,,yes,,,,,529 WELLINGTON STEAKHOUSE,JIM ARMSTRONG,529 WELLINGTON CRES,,WINNIPEG,R3M 0A1,2044878325,3564,,421304,11,,9,TRUCKING,,A,OWNER
,,,,no,,,,,5405521 MANITOBA LTD,CHRIS KOWALCHUK,1845 18TH ST N,,BRANDON,R7C 1A6,2047260998,,,519114,7,,5,FERTILIZERS (WHLS),,A,2
,,,,,,,,,5468796 ARCHITECTURE INC,"RADULOVIC, SASA",266 MCDERMOT AVE,,WINNIPEG,R3B 0S8,2044808421,,,871202,,,,ARCHITECTS,RADULOVIC,BEV,EXEC DIRECTOR
,,,,,,,,,547 RENOVATIONS,"PISCHKE, CHANDELL",222 HENDERSON HWY,,WINNIPEG,R2L 1L9,2043360100,,,176109,,,,ROOFING CONTRACTORS,PISCHKE,SUSAN,OWNER
,,,,,,,,,553 SGT TOMMY PRINCE MM WED,,200 ISABEL ST,,WINNIPEG,R3A 1G9,2047796994,,,999977,,,,NONCLASSIFIED ESTABLISHMENTS,,,
,,,,,,,,,5656789 MANITOBA LTD,"DESILETEN, BEN",12 DUNELM LANE,,WINNIPEG,R3R 0R1,2048377503,,,874201,,,,BUSINESS MANAGEMENT CONSULTANTS,DESILETEN,JEAN,MANAGER
,,,,,,,,,5IVE TEN SALON,,1858 ARLINGTON ST,,WINNIPEG,R2X 1W6,2045826215,,,723106,,,,BEAUTY SALONS,,,
,,,(204)953-1600,,,,,,6151648 MANITOBA LTD.,,135 LOMBARD AVENUE,"WINNIPEG, MB R3B 0X1",,,,,,,,,,,,,
,,,(204)953-3430,,,,,,62 HARGRAVE ENTERPRISES,,208-62 HARGRAVE STREET,"WINNIPEG, MB R3C 1N1",,,,,,,,,,,,,
,,,,,,,,,63070 MANITOBA LTD,,90 MARKET AVE,,WINNIPEG,R3B 0P3,2049436307,,,912102,,,,GOVERNMENT OFFICES-STATE,,,
,,,(001)385-2380,,,,,,6395903 MANITOBA LTD.,,C/O MEL FRIESEN,"GLADSTONE, MB R0J 0T0",,,,,,,,,,,,,
,,,,no,,,,,6462953 MANITOBA LTD,,20 BRANDT ST,10C,STEINBACH,R5G 1Y2,2043209589,,,598401,2,,1,PROPANE (LP) GAS,,A,EXEC DIRECTOR
,,,,,,,,,6524631 MANITOBA LTD.,,129 7TH AVENUE,"GIMLI, MB R0C 1B0",,,,,,,,,,,,,
,,,(204)822-9422,,,,,,6566538 MANITOBA LTD.,,COFFEE CULTURE CAFE & EATERY,"MORDEN, MB R6M 1V1",,,,,,,,,,,,,
,,,(204)237-3089,,,,,,6782761 MANITOBA LTD.,,O/A ST. BONIFACE CAR CARE,"WINNIPEG, MB R2J 0K6",,,,,,,,,,,,,
,,,,,,,,,6809252 MANITOBA ASSN INC,,905 KING EDWARD ST,,WINNIPEG,R3H 0P8,2047836734,,,799720,,,,SPORTS CLUBS,,I DAVID,
,,,,,,,,,6826173 MANITOBA LTD,,1670 CORYDON AVE,3,WINNIPEG,R3N 0J7,2044871529,,,581208,,,,RESTAURANTS,,,
,,,,,,,,,6854681 MANITOBA LTD,,PR 430,,ST AMBROISE,R0H 1G0,2042432597,,,541103,,,,CONVENIENCE STORES,,,
,,,,,,,,,6939750 MANITOBA LTD,,1570 REGENT AVE W,,WINNIPEG,R2C 3B4,2046541507,,,581208,,,,RESTAURANTS,,,
,,,,,,,,,6PMARKETING.COM,"PROVOST, PAUL",421 MULVEY AVE,3,WINNIPEG,R3L 0R6,2048802225,,,731101,,,,ADVERTISING-AGENCIES & COUNSELORS,PROVOST,VAUGHN,OWNER
,,,(204)888-1180,,,,,,7 DAY FOOD STORES,,5606 ROBLIN BLVD,"WINNIPEG, MB R3R 0H2",,,,,,,,,,,,,
,,,,,,,,,7 OAKS UPHOLSTERY,"KARASINSKI, VIC",2035 PORTAGE AVE,,WINNIPEG,R3J 0K6,2048891887,,,764105,,,,FURNITURE-REPAIRING & REFINISHING,KARASINSKI,KENDRA,OWNER
,,,()-,,,,,,70 ALBERT FAMILY TRUST,,200 - 260 ST. MARY AVENUE,"WINNIPEG, MB R3C 0M6",,,,,,,,,,,,,
,,,(204)326-9705,,,,,,7029099 MB INC.,,227 MAIN STREET,"STEINBACH, MB R5G 0J2",,,,,,,,,,,,,
,,,,,,,,,7034548 MANITOBA LTD,,1880 ELLICE AVE,,WINNIPEG,R3H 0B9,2047443662,,,801104,,,,CLINICS,,,
,,,(204)857-8883,,,,,,7087382 MANITOBA LTD,,HWY # 1,"PORTAGE LA PRAIRIE, MB R1N 3C3",,,,,,,,,,,,,
,,,,,,,,,7151382 MANITOBA LTD,,1485 PORTAGE AVE,Z017,WINNIPEG,R3G 0W4,2047740064,,,481207,,,,CELLULAR TELEPHONES (SERVICES),,,
,,,,,,,,,7184752 MANITOBA LTD,,2575 INKSTER BLVD,,ROSSER,R0H 1E0,2046329045,,,322101,,,,BOTTLES (MFRS),,,
,,,(204)257-3100,,,,,,7231423 MANITOBA LTD.,,4-88 ST. ANNE'S ROAD,"WINNIPEG, MB R2M 2Y7",,,,,,,,,,,,,
,,,(   )   -,,,,,,7-DAY FOOD STORES,,5606 ROBLIN BOULEVARD,"WINNIPEG, MB R3R 0H2",,,,,,,,,,,,,
,,,,no,,,,,7-ELEVEN,DOREEN KLIPPENSTEIN,5 SCURFIELD BLVD,30,WINNIPEG,R3Y 1G3,2044873663,,,581208,11,,9,RESTAURANTS,,A,2
,,,,,,,,,7-ELEVEN,"JOSEFCHUK, RYAN",55 MAIN ST,,SELKIRK,R1A 1P9,2047854845,,,541103,,,,CONVENIENCE STORES,JOSEFCHUK,EVA,DIRECTOR
,,,,,,,,,7-ELEVEN,"BOND, SHANNON",718 SASKATCHEWAN AVE W,,PORTAGE-LA-PR,R1N 0M7,2048562010,,,541103,,,,CONVENIENCE STORES,BOND,KIM,OWNER
,,,,,,,,,7-ELEVEN,"SMITH, MARY",1221 SASKATCHEWAN AVE W,,PORTAGE-LA-PR,R1N 3H5,2048562001,,,541103,,,,CONVENIENCE STORES,SMITH,ROBERT,OWNER
,,,,,,,,,7-ELEVEN,"SHARMA, PAUL",104 REGENT AVE E,,WINNIPEG,R2C 0C1,2049850188,,,541103,,,,CONVENIENCE STORES,SHARMA,JAGDEV,OWNER
,,,,,,,,,7-ELEVEN,"DALY, SARAH",404 EDISON AVE,,WINNIPEG,R2G 0M1,2049850150,,,541103,,,,CONVENIENCE STORES,DALY,CATHY,OWNER
,,,,,,,,,7-ELEVEN,"NYKOLUK, DEBBIE",1393 HENDERSON HWY,,WINNIPEG,R2G 1N1,2049850146,,,541103,,,,CONVENIENCE STORES,NYKOLUK,BRAD,OWNER
,,,,,,,,,7-ELEVEN,"ZOLONDEK, TONI",1863 HENDERSON HWY,,WINNIPEG,R2G 1P4,2049850147,,,541102,,,,SNACK PRODUCTS,ZOLONDEK,,
,,,,,,,,,7-ELEVEN,"LANGLEY, GARY",1091 HENDERSON HWY,,WINNIPEG,R2G 4H4,2049850193,,,541103,,,,CONVENIENCE STORES,LANGLEY,TERRIANNE,PRESIDENT
,,,,,,,,,7-ELEVEN,"RELAND, JULIE",183 MARION ST,,WINNIPEG,R2H 0T5,2049850115,,,541103,,,,CONVENIENCE STORES,RELAND,LINDA MAY,SITE MANAGER
,,,,,,,,,7-ELEVEN,"MOULDER, TRACY",234 ST MARY'S RD,,WINNIPEG,R2H 1J3,2049850116,,,541103,,,,CONVENIENCE STORES,MOULDER,ARLENE,MANAGER
,,,,,,,,,7-ELEVEN,"MITCHELL, NATALIE",920 ARCHIBALD ST,,WINNIPEG,R2J 0Z1,2049850113,,,541103,,,,CONVENIENCE STORES,MITCHELL,JOSIE,SITE MANAGER
,,,,,,,,,7-ELEVEN,"BEAL, BARB",630 WATT ST,,WINNIPEG,R2K 2S4,2049850144,,,541103,,,,CONVENIENCE STORES,BEAL,SHANE,MANAGER
,,,,,,,,,7-ELEVEN,"GIES, JAKE",554 KEENLEYSIDE ST,,WINNIPEG,R2K 3H2,2049850135,,,541103,,,,CONVENIENCE STORES,GIES,MARK,OWNER
,,,,,,,,,7-ELEVEN,"ZAIDI, SYED",456 TALBOT AVE,,WINNIPEG,R2L 0R5,2049850142,,,541103,,,,CONVENIENCE STORES,ZAIDI,RHODA,
,,,,,,,,,7-ELEVEN,"CAMPBELL, DORIS",1131 NAIRN AVE,,WINNIPEG,R2L 0Y6,2049850137,,,541103,,,,CONVENIENCE STORES,CAMPBELL,LUCIEN,PARTNER
,,,,,,,,,7-ELEVEN,"MCKAY, STAPHEN",355 HENDERSON HWY,,WINNIPEG,R2L 1M9,2049850131,,,541103,,,,CONVENIENCE STORES,MCKAY,WILLARD,OWNER
,,,,,,,,,7-ELEVEN,"PURBA, JOE",438 ST ANNE'S RD,,WINNIPEG,R2M 3C6,2049850178,,,541103,,,,CONVENIENCE STORES,PURBA,AKRAM,MANAGER
,,,,,,,,,7-ELEVEN,"TEEPLE, CAROL",734 ST MARY'S RD,,WINNIPEG,R2M 3N4,2049850194,,,541103,,,,CONVENIENCE STORES,TEEPLE,DOUG,PRESIDENT
,,,,,,,,,7-ELEVEN,"MANTHERA, RANDEEP",1124 ST MARY'S RD,,WINNIPEG,R2M 3T4,2049850184,,,541103,,,,CONVENIENCE STORES,MANTHERA,DIANE,CEO
,,,,,,,,,7-ELEVEN,"SHAW, DALE",1622 ST MARY'S RD,B,WINNIPEG,R2M 3W7,2049850179,,,541103,,,,CONVENIENCE STORES,SHAW,LORNE,PRESIDENT
,,,,,,,,,7-ELEVEN,,628 ST ANNE'S RD,,WINNIPEG,R2M 4W3,2049850218,,,541103,,,,CONVENIENCE STORES,,,
,,,,,,,,,7-ELEVEN,"KNERIYA, RUPIN",1200 JEFFERSON AVE,,WINNIPEG,R2P 0C7,2049850151,,,541103,,,,CONVENIENCE STORES,KNERIYA,GUS,MANAGER
,,,,,,,,,7-ELEVEN,"ARORA, RAJIV",1871 MAIN ST,,WINNIPEG,R2V 2A5,2049850149,,,541103,,,,CONVENIENCE STORES,ARORA,JIM,MANAGER
,,,,,,,,,7-ELEVEN,,915 MAIN ST,,WINNIPEG,R2W 3P2,2043255073,,,541103,,,,CONVENIENCE STORES,,,
,,,,,,,,,7-ELEVEN,"KHAN, ANWAR",1370 MAIN ST,,WINNIPEG,R2W 3T8,2049850156,,,541103,,,,CONVENIENCE STORES,KHAN,AGATHA,OWNER
,,,,,,,,,7-ELEVEN,"KHAN, ANWAR",772 MOUNTAIN AVE,,WINNIPEG,R2X 1C1,2049850158,,,541103,,,,CONVENIENCE STORES,KHAN,ALVIN,OWNER
,,,,,,,,,7-ELEVEN,,665 MCPHILLIPS ST,,WINNIPEG,R2X 2H4,2045867597,,,541103,,,,CONVENIENCE STORES,,,
,,,,,,,,,7-ELEVEN,"PURI, MUNISH",1007 MCPHILLIPS ST,,WINNIPEG,R2X 2K3,2049850195,,,541103,,,,CONVENIENCE STORES,PURI,GUS,EXEC DIRECTOR
,,,,,,,,,7-ELEVEN,"MIRZA, ALI",3021 NESS AVE,,WINNIPEG,R2Y 2J1,2049850162,,,541103,,,,CONVENIENCE STORES,MIRZA,BOB,SITE MANAGER
,,,,,,,,,7-ELEVEN,"SAINI, RAJ",500 WILLIAM AVE,,WINNIPEG,R3A 0J8,2049850112,,,541103,,,,CONVENIENCE STORES,SAINI,MARIANNE,MANAGER
,,,,,,,,,7-ELEVEN,"JACOB, AMANDA",120 KEEWATIN ST,,WINNIPEG,R3E 3C8,2049850207,,,541103,,,,CONVENIENCE STORES,JACOB,EMMIE,OWNER
,,,,,,,,,7-ELEVEN,"SAMRA, SAM",891 ARLINGTON ST,,WINNIPEG,R3E 3L4,2049850104,,,541103,,,,CONVENIENCE STORES,SAMRA,MICHAEL,MANAGER
,,,,,,,,,7-ELEVEN,"DEVINE, MAIRI",627 ELLICE AVE,,WINNIPEG,R3G 0A6,2049850108,,,541103,,,,CONVENIENCE STORES,DEVINE,CHRISTOPHER,SITE MANAGER
,,,,,,,,,7-ELEVEN,"SACHAR, VIPIN",815 ELLICE AVE,,WINNIPEG,R3G 0C3,2049850110,,,541103,,,,CONVENIENCE STORES,SACHAR,SHELLEY,OWNER
,,,,,,,,,7-ELEVEN,,1184 PORTAGE AVE,,WINNIPEG,R3G 0T4,2049850125,,,541103,,,,CONVENIENCE STORES,,,
,,,,,,,,,7-ELEVEN,,1895 WELLINGTON AVE,,WINNIPEG,R3H 0E5,2049850216,,,541103,,,,CONVENIENCE STORES,,,
,,,,,,,,,7-ELEVEN,"SAWCHUK, DAWN",1795 PORTAGE AVE,,WINNIPEG,R3J 0E8,2049850164,,,541102,,,,SNACK PRODUCTS,SAWCHUK,JACOB,MANAGER
,,,,,,,,,7-ELEVEN,"ZAIDI, SYED",1880 NESS AVE,,WINNIPEG,R3J 3M3,2049850160,,,541102,,,,SNACK PRODUCTS,ZAIDI,,
,,,,,,,,,7-ELEVEN,,3380 PORTAGE AVE,7,WINNIPEG,R3K 0Z1,2049850215,,,541103,,,,CONVENIENCE STORES,,,
,,,,,,,,,7-ELEVEN,"FODOR, MICHELLE",568 OSBORNE ST,,WINNIPEG,R3L 2B4,2049850122,,,541103,,,,CONVENIENCE STORES,FODOR,DALTON,PRESIDENT
,,,,,,,,,7-ELEVEN,"CALICIURI, MIKE",781 CORYDON AVE,,WINNIPEG,R3M 0W5,2049850117,,,541103,,,,CONVENIENCE STORES,CALICIURI,PHIL,OWNER
,,,,,,,,,7-ELEVEN,"ALFRED, NICK",909 LORETTE AVE,,WINNIPEG,R3M 1V2,2049850120,,,541103,,,,CONVENIENCE STORES,ALFRED,MIKE,MANAGER
,,,,,,,,,7-ELEVEN,"BURCH, RON",427 ACADEMY RD,,WINNIPEG,R3N 0C2,2049850100,,,541103,,,,CONVENIENCE STORES,BURCH,DOUG,OWNER
,,,,,,,,,7-ELEVEN,"OLAVE, LULU",1445 CORYDON AVE,,WINNIPEG,R3N 0J2,2049850101,,,541103,,,,CONVENIENCE STORES,OLAVE,DENNIS,OWNER
,,,,,,,,,7-ELEVEN,"DHANDLI, HARDEEP",3510 ROBLIN BLVD,,WINNIPEG,R3R 0C9,2049850166,,,541103,,,,CONVENIENCE STORES,DHANDLI,EDWARD,OWNER
,,,,,,,,,7-ELEVEN,"SHARMA, SUNIL",530 DALE BLVD,,WINNIPEG,R3R 1P7,2049850128,,,541103,,,,CONVENIENCE STORES,SHARMA,KARL,PRESIDENT
,,,,,,,,,7-ELEVEN,,1103 PEMBINA HWY,,WINNIPEG,R3T 2A1,2044757711,,,541102,,,,SNACK PRODUCTS,,,
,,,,,,,,,7-ELEVEN,"FEDICK, JOYCE",1490 PEMBINA HWY,,WINNIPEG,R3T 2E3,2049850127,,,541103,,,,CONVENIENCE STORES,FEDICK,TANYA,OWNER
,,,,,,,,,7-ELEVEN,"BRUNO, LORI",7 KILLARNEY AVE,,WINNIPEG,R3T 3B1,2049850152,,,541103,,,,CONVENIENCE STORES,BRUNO,BAXTER,OWNER
,,,,,,,,,7-ELEVEN,"LOFTUS, LYNDA",40 BRANDT ST,,STEINBACH,R5G 0T3,2043261329,,,541103,,,,CONVENIENCE STORES,LOFTUS,DARREN,SITE MANAGER
,,,,,,,,,7-ELEVEN,"LOVE, JOAN",701 10TH ST,,BRANDON,R7A 4G7,2047290221,,,541103,,,,CONVENIENCE STORES,LOVE,MURRAY,MANAGER
,,,,,,,,,7-ELEVEN,"BRANDT, KELLY",3360 VICTORIA AVE,,BRANDON,R7B 0N2,2047290223,,,541103,,,,CONVENIENCE STORES,BRANDT,BRIAN,SITE MANAGER
,,,,,,,,,7-ELEVEN,"SCOTT, KIM",5 WILLOWDALE CRES,,BRANDON,R7B 2X3,2047290220,,,541103,,,,CONVENIENCE STORES,SCOTT,JOHN,PRESIDENT
,,,,,,,,,7TH AVENUE FASHIONS,"DE LUCA, JOE",546 ACADEMY RD,,WINNIPEG,R3N 0E3,2044880660,,,599940,,,,WEDDING SUPPLIES & SERVICES,DE LUCA,JAMES,OWNER
,,,,,,,,,7TH STREET HEALTH ACCESS CTR,"OLSON, CARMEL",20 7TH ST,,BRANDON,R7A 6M8,2045784800,,,832218,,,,SOCIAL SERVICE & WELFARE ORGANIZATIONS,OLSON,MARK,OWNER
,,,(204)831-8180,,,,,,8180 HAUTE COUTURE,,892 ST.JAMES STREET,"WINNIPEG, MB R3G 3L9",,,,,,,,,,,,,
,,,,,,,,,888 CHINESE EXPRESS,,1163 HENDERSON HWY,,WINNIPEG,R2G 1L5,2043388882,,,581208,,,,RESTAURANTS,,,
,,,,,,,,,9 LEAF NAIL SALON,,573 MOUNTAIN AVE,,WINNIPEG,R2W 1K8,2046913332,,,723102,,,,MANICURING,,,
,,,(204)239-2060,,,,,,969161 ALBERTA LTD,,224 SASKATCHEWAN AVE E,"PORTAGE LA PRAIRIE, MB R1N 0K9",,,,,,,,,,,,,
,,,,,,,,,99 CENT PIZZA,,40 STADACONA ST,,WINNIPEG,R2L 2C8,2046151991,,,581208,,,,RESTAURANTS,,,
,,,,,,,,,99 CENT PIZZA,,417 SELKIRK AVE,,WINNIPEG,R2W 2M4,2047741010,,,581206,,,,FOODS-CARRY OUT,,,
,,,,,,,,,99 CENT PIZZA,,505 SELKIRK AVE,,WINNIPEG,R2W 2M6,2046154600,,,581208,,,,RESTAURANTS,,,
,,,,,,,,,99 CENT PIZZA,,164 ISABEL ST,1,WINNIPEG,R3A 1G5,2045047499,,,581206,,,,FOODS-CARRY OUT,,,
,,,,,,,,,99 CENT PIZZA,,503 ELLICE AVE,,WINNIPEG,R3B 1Y8,2046916622,,,581208,,,,RESTAURANTS,,,
,,,,,,,,,99 CENT PIZZA,"AZIZ, AMAR",1438 LOGAN AVE,,WINNIPEG,R3E 1S2,2044154994,,,581206,,,,FOODS-CARRY OUT,AZIZ,TEOFILO,MANAGER
,,,,,,,,,A & A BUILDING CONTRACTING,,1030 PACIFIC AVE,200,WINNIPEG,R3E 1G4,2047744408,,,152103,,,,GENERAL CONTRACTORS,,,
,,,,,,,,,A & A BUILDING CONTRACTING,"CHEATER, BERNARD",235 MCPHILLIPS ST,,WINNIPEG,R3E 2K3,2047744408,,,152103,,,,GENERAL CONTRACTORS,CHEATER,DARREN,OWNER
,,,,,,,,,A & A CUSTOM UPHOLSTERING,"DYCK, ALVIN",1221 SHAMROCK BAY,,WINKLER,R6W 1N9,2043254297,,,764109,,,,UPHOLSTERERS,DYCK,JAY,OWNER
,,,,,,,,,A & A ENGRAVING,"BENZELOCK, DON",196 HENDERSON HWY,,WINNIPEG,R2L 1L8,2046613484,,,509423,,,,JEWELRY BROKERS (WHLS),BENZELOCK,SHARON,SITE MANAGER
,,,,,,,,,A & A NATURAL FOOD SUPPLEMENTS,"POIRON, YVETTE",187 WORTHINGTON AVE,,WINNIPEG,R2M 1R9,2042577534,,,549901,,,,HEALTH & DIET FOODS-RETAIL,POIRON,JEFF,OWNER
,,,,,,,,,A & B DALRYMPLE'S COUNTRY FARM,,NW 6-15-17W,,MINNEDOSA,R0J 1E0,2048675107,,,18101,,,,GREENHOUSES,,,
,,,,no,,,,,A & B MECHANICAL LTD,BRUCE MC WHIRTER,1400 SPRUCE ST,,WINNIPEG,R3E 2V7,2047833622,,,505113,11,,9,,,I,2
,,,,,,,,,A & B MOVING CO,,1313 BORDER ST,95,WINNIPEG,R3H 0X4,2046334483,,,421216,,,,MOVERS-HEAVY HAULING,,,
,,,,,,,,,A & C LTD,"CHINCHA, JOHN",595 SARGENT AVE,,WINNIPEG,R3E 0A2,2047740295,,,593229,,,,PAWNBROKERS,CHINCHA,ELAINE,DIRECTOR
,,,,,,,,,A & D AUTO & FARM SUPPLY,"ROSS, DANIEL",876B THORNHILL ST,,MORDEN,R6M 2E1,2048225729,,,553111,,,,AUTOMOBILE PARTS & SUPPLIES-RETAIL-NEW,ROSS,KYLE,OWNER
,,,,,,,,,A & E BUILDING MAINTENANCE LTD,,574 WATT ST,,WINNIPEG,R2K 4K1,2043395099,,,152105,,,,HOME IMPROVEMENTS,,,
,,,,,,,,,A & F NEMEC RECRUITMENT,,220 PORTAGE AVE,1600,WINNIPEG,R3C 0A5,2042758201,,,736103,,,,EMPLOYMENT AGENCIES & OPPORTUNITIES,,,
,,,,,,,,,A & G DISTRIBUTORS,"BURELLE, ERNEST",63054 PROVINCIAL ROAD 23 E,,SPRINGFIELD,R2C 2Z2,2042225643,,,243104,,,,DOORS-MANUFACTURERS,BURELLE,AMY,OWNER
,,,,,,,,,A & H DESIGN,"ASH, DENNIS",2 AMELIA CRES,,WINNIPEG,R2K 3Z3,2046679108,,,733401,,,,BLUEPRINTING,ASH,NEIL,OWNER
,,,2009,no,,,,,A & H PETROLEUM SVC LTD,"BESEL, STUART",1160 SANFORD ST,,WINNIPEG,R3E 2Z9,2047881692,453,,162932,,,,ABRASIVE CUTTING,BESEL,RICK,SITE MANAGER
,,,,yes,,,,,A & I PRODUCTS,GERRY KRAHN,432 RAILWAY ST S,,ALTONA,R0G 0B0,2043248621,4604,,581216,3,,1,BANQUETS-ARRANGED,,A,OWNER
,,,,,,,,,A & J PUMP SVC,"MC MILLAN, MURRAY",10 CEDAR BAY,,BRANDON,R7B 0Z4,2047282514,,,508444,,,,PUMPS (WHLS),MC MILLAN,MOHAMED,OWNER
,,,,,,,,,A & L GET ACTIVE,"WIRCH, CAM",201 ROSSER AVE,,BRANDON,R7A 0J8,2047275817,,,594113,,,,SPORTING GOODS-RETAIL,WIRCH,WAYNE,
,,,,,,,,,A & M POTATO GROWERS LTD,"ADRIAANSEN, JOHN",SW 19-11-16W,,DOUGLAS,R0K 0R0,2047634978,,,19101,,,,FARMS,ADRIAANSEN,PETER,MANAGER
,,,,,,,,,A & M SEAMLESS EAVESTROUGHING,"WIEBE, ABE",PO BOX 551 STN MAIN,,WINKLER,R6W 4A7,2043622891,,,176103,,,,GUTTERS & DOWNSPOUTS,WIEBE,RANDY,OWNER
,,,,,,,,,A & M WATER DEPOT LTD,"SORIANO, ARMAN",1111 MUNROE AVE,105,WINNIPEG,R2K 3Z5,2046638880,,,549903,,,,"WATER COMPANIES-BOTTLED, BULK, ETC",SORIANO,RON,OWNER
,,,,,,,,,A & N ELECTRICAL,,1090 MCDERMOT AVE,4,WINNIPEG,R3E 3S6,2047722636,,,173101,,,,ELECTRIC CONTRACTORS,,,
,,,,no,,,,,A & O SUPPORT FOR OLDER ADULTS,HILDE BRAND,280 SMITH ST,200,WINNIPEG,R3C 1K2,2049566440,,,594113,11,,9,SPORTING GOODS-RETAIL,,A,2
,,,,,,,,,A & R CARPET BARN,"DOHERTY, HUGH",655 PEMBINA HWY,,WINNIPEG,R3M 2L5,2042845166,,,242604,,,,HARDWOOD FLOORING (MFRS),DOHERTY,LUC,OWNER
,,,,yes,,,,,A & R CONCRETE PUMPING LTD,"ALFONSO, DEAN",259 GUNN RD,,WINNIPEG,R2C 2Z2,2042223720,6159,,177107,,,,CONCRETE PUMPING SERVICE,ALFONSO,DUKE,OWNER
,,,,no,,,,,A & R MILL DISTRIBUTORS,BOB PASTRICK,50 ARCHIBALD ST,,WINNIPEG,R2J 0V8,2042333061,,,131103,11,,9,OIL & GAS PRODUCERS,,A,2
,,,,no,,,,,A & S HOMES,TONY SPAZANNO,990 LORIMER BLVD,101,WINNIPEG,R3P 0Z9,2042560863,,,799701,11,,9,RECREATION CENTERS,,A,2
,,,,,,,,,A & T AUTO SALES LTD,"THISSEN, A C",607 STEPHEN ST,1,MORDEN,R6M 1R7,2048221354,,,551103,,,,AUTOMOBILE DEALERS-USED CARS,THISSEN,HEATHER,OWNER
,,,,,,,,,A & T AUTO SALES LTD,,350 4TH ST,704,WINKLER,R6W 1J8,2043258889,,,551103,,,,AUTOMOBILE DEALERS-USED CARS,,,
,,,,,,,,,A & T CONCRETE/INTERLOCK,"PEIXEIRA, DAVID",1285 FRASER RD,,WINNIPEG,R2N 4J9,2049979387,,,177105,,,,CONCRETE CONTRACTORS,PEIXEIRA,DENNIS,SITE MANAGER
,,,,,,,,,A 2 B MOVING CO,,100 COLE AVE,,WINNIPEG,R2L 0K7,2046334483,,,421216,,,,MOVERS-HEAVY HAULING,,,
,,,,,,,,,A A A AQUA SYSTEMS,,435 KENSINGTON ST,,WINNIPEG,R3J 1J8,2047836226,,,738984,,,,WATER TREATMENT EQUIP SVC & SUPLS,,,
,,,,,,,,,A A A CONSIGNMENT,"MONROE, DON",197 OSBORNE ST,,WINNIPEG,R3L 1Z4,2048889191,,,593202,,,,ANTIQUES-DEALERS,MONROE,DON,MANAGER
,,,,,,,,,A A A NO 1 MOVING & STORAGE,,1700 BURROWS AVE,62,WINNIPEG,R2X 2W1,2044140059,,,422503,,,,STORAGE-HOUSEHOLD & COMMERCIAL,,,
,,,,,,,,,A A A PLUS EXTERMINATIONS,,1500 REGENT AVE W,13,WINNIPEG,R2C 3A8,2049257937,,,734201,,,,PEST CONTROL,,,
,,,,,,,,,A A ASSURED MOVERS MINI STRG,"GOULET, ED",345 HIGGINS AVE,,WINNIPEG,R3A 0V4,2049422151,,,421401,,,,MOVERS,GOULET,LEN,SITE MANAGER
,,,,,,,,,A A AUTOGLASS MOBILE SVC,"DUCHARME, RICK",50 WILSON ST,,PORTAGE-LA-PR,R1N 3T4,2042391057,,,523110,,,,GLASS-AUTO PLATE & WINDOW & ETC,DUCHARME,KELLY,MANAGER
,,,,,,,,,A A BOULET SEWER & DRAIN LTD,"BOULET, NORBERT",23 WOODGREEN PL,,WINNIPEG,R3J 1H4,2048321767,,,171105,,,,PLUMBING CONTRACTORS,BOULET,MARK,SITE MANAGER
,,,,,,,,,A A ECONOMY SEWER & DRAIN,"FUNT, RICK",1450 BANNATYNE AVE W,,WINNIPEG,R3E 0X2,2048884849,,,162307,,,,SEWER CONTRACTORS,FUNT,DENYS,OWNER
,,,,,,,,,A A EMPIRE LIMOUSINE SVC,"SANDHU, JAI",19 BESSBORO ST N,,WINNIPEG,R3Y 1Y7,2042970423,,,411903,,,,LIMOUSINE SERVICE,SANDHU,BRIAN,PRINCIPAL
,,,,,,,,,A A R FINANCIAL INC,,1590 ST MARY'S RD,,WINNIPEG,R2M 3W4,2046672200,,,628205,,,,FINANCIAL PLANNING CONSULTANTS,,,
,,,,,,,,,A AAAAALLIED AUTO & TRUCK,"GILMAN, ALEC",222 PARK PL W,,WINNIPEG,R3P 2J4,2046330712,,,753201,,,,AUTOMOBILE BODY-REPAIRING & PAINTING,GILMAN,CLAYTON,OWNER
,,,,,,,,,A AABLE AUTO PARTS TEAM,"ENNS, VIC",2025 PLESSIS RD,,WINNIPEG,R3W 1S4,2042227333,,,501501,,,,AUTOMOBILE PARTS-USED & REBUILT (WHLS),ENNS,JANET,MANAGER
,,,,,,,,,A AAPPLIANCE DISTR MAYTAG,"LOFCHICK, BERNARD",469 ST MARY'S RD,,WINNIPEG,R2M 3K9,2049892755,,,508726,,,,LAUNDRY EQUIPMENT (WHLS),LOFCHICK,DARREN,OWNER
,,,,,,,,,A ACTIVE ACCOUNTING SVC,"BERENHAUT, TONI",22 ASTER AVE,,WINNIPEG,R2V 2K6,2043384767,,,729101,,,,TAX RETURN PREPARATION & FILING,BERENHAUT,BARBARA,RELIGIOUS DIR
,,,,,,,,,A ADAMS SUPPLY LTD,"ENNS, JACK",879 WALL ST,,WINNIPEG,R3G 2T9,2047867481,,,507201,,,,BOLTS & NUTS (WHLS),ENNS,GRANT,OWNER
,,,,,,,,,A B C CHARLESWOOD HM & BUS SVC,,2621 PORTAGE AVE,201,WINNIPEG,R3J 0P7,2046153505,,,874201,,,,BUSINESS MANAGEMENT CONSULTANTS,,,
,,,,,,,,,A B C SALES & SERVICE,,201 REGENT WEST,"WINNIPEG, MB R2C 1R3",,,(204)224-1760,,,,,,,,,,
,,,,,,,,,A B CLEANING,,1514 1ST ST N,,BRANDON,R7C 1A4,2047268956,,,754203,,,,AUTOMOBILE DETAIL & CLEAN-UP SERVICE,,,
,,,,,,,,,A B COINS & COLLECTIBLES,,1727 MAIN ST,,WINNIPEG,R2V 1Z4,2043394988,,,509404,,,,GOLD SILVER & PLATINUM-BUYERS (WHLS),,,
,,,,,,,,,A B WELDING LTD,"ZAHRA, ADEL",1137 SANFORD ST,,WINNIPEG,R3E 3A1,2048960395,,,769203,,,,WELDING,ZAHRA,SANDY,
,,,,,,,,,A BALANCED LIFESTYLE,"MC ALPINE, JEANIE",443 THOMPSON DR,,WINNIPEG,R3J 3E7,2048321119,,,549901,,,,HEALTH & DIET FOODS-RETAIL,MC ALPINE,CHARLENE,CEO
,,,,,,,,,A BOLACK CERTIFIED GEN ACCT,"BOLACK, AMY",40 CROMWELL ST,,WINNIPEG,R2H 1P3,2042333270,,,,,,,ACCOUNTANTS,BOLACK,GARTH,MANAGER
,,,,,,,,,A BRICK SHIRT HOUSE,"MARION, RICHARD",1855 NESS AVE,,WINNIPEG,R3J 0Y5,2048967858,,,275902,,,,SCREEN PRINTING (MFRS),MARION,KEN,OWNER
,,,,,,,,,A BUESS CONTRACTORS,"BUESS, LEO",761 MANITOBA AVE,,WINNIPEG,R2W 2H6,2049813241,,,179405,,,,FOUNDATION-CONTRACTORS,BUESS,JOE,OWNER
,,,,,,,,,A C ELECTRICAL SYSTEMS,"SANDULIAK, PAUL",225 MELROSE AVE W,,WINNIPEG,R2C 1N7,2049817090,,,173101,,,,ELECTRIC CONTRACTORS,SANDULIAK,LAURIE,MANAGER
,,,,,,,,,A C ENVIRONMENTS LTD,,1201 GRASSMERE RD,15,WEST ST PAUL,R4A 1C4,2043360203,,,171117,,,,AIR CONDITIONING CONTRACTORS & SYSTEMS,,,
,,,,,,,,,A C LANE CONSULTING INC,"LANE, ANDREW",59 NEEPAWA DR,,BRANDON,R7B 3B1,2047272516,,,874214,,,,MARKETING CONSULTANTS,LANE,JACK,SITE MANAGER
,,,,,,,,,A C R GLASS,"FORSTER, DEAN",3331 PORTAGE AVE,,WINNIPEG,R3K 0W8,2042545277,,,523110,,,,GLASS-AUTO PLATE & WINDOW & ETC,FORSTER,BRUCE,OWNER
,,,,,,,,,A CARLONI LTD,"CARLONI, BRUNO",103 PEAR TREE BAY,,WINNIPEG,R2N 1S7,2042565412,,,152105,,,,HOME IMPROVEMENTS,CARLONI,JIM,OWNER
,,,,,,,,,A CRANE TOWING,"TENNENT, JOHN",251 NOTRE DAME AVE,,WINNIPEG,R3B 1N8,2044526666,,,754901,,,,WRECKER SERVICE,TENNENT,ANDREW S,RELIGIOUS DIR
,,,,,,,,,A CRANE TOWING,"TENNANT, JOHN",106B DE VOS RD,,WINNIPEG,R3T 5Y1,2044893727,,,754901,,,,WRECKER SERVICE,TENNANT,VICKY,MANAGER
,,,(204)984-9013,,,,,,A D P CANADA,,1353 KENASTON BLVD,"WINNIPEG, MB R3P 2P2",,,,,,,,,,,,,
,,,,,,,,,A D RUTHERFORD INTL,"BILLANEY, MARJORIE",SW 2-1-20W,,BOISSEVAIN,R0K 0E0,2045346169,,,473113,,,,CUSTOMS BROKERS,BILLANEY,GERALD,MANAGER
,,,,,,,,,A D RUTHERFORD INTL,"NICOL, ELAINE",329A 9TH ST,,BRANDON,R7A 4A8,2047270707,,,473113,,,,CUSTOMS BROKERS,NICOL,KEN,RELIGIOUS DIR
,,,,,,,,,A D RUTHERFORD INTL INC,"UNRUH, ROYAL",1355 MOUNTAIN AVE,301,WINNIPEG,R2X 3B6,2046337207,,,473104,,,,FREIGHT-FORWARDING,UNRUH,EVA,OWNER
,,,,,,,,,A D STANISH PLASTERING LTD,"STANISH, ALLAN",3127 HENDERSON HWY,,EAST ST PAUL,R2E 0H5,2042373185,,,177104,,,,STUCCO CONTRACTORS,STANISH,PAUL,SITE MANAGER
,,,,,,,,,A DALY LOCKSMITH CO,"DALY, THOMAS",1319 LOGAN AVE,,WINNIPEG,R3E 1R5,2047838579,,,769958,,,,KEYS,DALY,SHANDA,OWNER
,,,,,,,,,A DENBOW ELECTRIC & HEATING,"FISCHER, MEL",115 EVENSON ST,,PLUMAS,R0J 1P0,2043862648,,,171102,,,,HEATING CONTRACTORS,FISCHER,LUIGI,
,,,,,,,,,A DIAMOND GALLERY,"MALBRANCK, ANITA",1735 CORYDON AVE,,WINNIPEG,R3N 0K4,2044889813,,,391101,,,,JEWELRY-MANUFACTURERS,MALBRANCK,DAVID I,OWNER
,,,,,,,,,A DOG'S REFLECTION INC,,1788 ST MATTHEWS AVE,,WINNIPEG,R3H 0A5,2047773647,,,75206,,,,DOG TRAINING,,,
,,,,,,,,,A DOLHY ERGONOMICS,"DOLHY, ANDREW",2 STRONSAY PL,,WINNIPEG,R2G 2Y3,2042999132,,,873131,,,,ERGONOMICS,DOLHY,JASON,MANAGER
,,,,,,,,,A DRAIN DOCTOR LTD,"BURROWS, SHAUN",35 WILLIS WYATT PL,,WINNIPEG,R3W 1C9,2042563367,,,162307,,,,SEWER CONTRACTORS,BURROWS,LAWRENCE,OWNER
,,,,,,,,,A DREAM COME TRUE,,348 HARGRAVE ST,,WINNIPEG,R3B 2J9,2049421702,,,729903,,,,ESCORT SERVICE-PERSONAL,,,
,,,,,,,,,A E DESIGN ONE,"ROTHENBERGER, DEBIE",951 MCLEOD AVE,,WINNIPEG,R2G 0Y4,2046630776,,,502317,,,,PICTURE FRAMES-WHOLESALE,ROTHENBERGER,JOE,MANAGER
,,,,,,,,,A EASY ACCESS SELF STORAGE,"MC DOWELL, GRANT",330 ELGIN AVE,,WINNIPEG,R3A 0K6,2049472211,,,422503,,,,STORAGE-HOUSEHOLD & COMMERCIAL,MC DOWELL,LARRY,OWNER
,,,,,,,,,A EXECUTIVE LIMOUSINE SVC,"CHEMMA, HERINDERPAL",123 VANDERBILT DR,,WINNIPEG,R2Y 1M9,2049814333,,,411903,,,,LIMOUSINE SERVICE,CHEMMA,MARY,OWNER
,,,,,,,,,A EXECUTIVE LIMOUSINE SVC,"CHEEMA, HARRY",103 CHARLOTTETOWN RD,,WINNIPEG,R3Y 0E3,2049814333,,,411903,,,,LIMOUSINE SERVICE,CHEEMA,CAROL,RELIGIOUS DIR
,,,,,,,,,A F ESHMADE & ASSOC LTD,"ESHMADE, ANTHONY F PE",83 GARRY ST,2701,WINNIPEG,R3C 4J9,2049420039,,,154213,,,,BUILDING CONTRACTORS,ESHMADE,DONOVAN,OWNER
,,,,,,,,,A F R SPECIALIZED STAFFING INC,,2211 MCPHILLIPS ST,202,WINNIPEG,R2V 3M5,2046912711,,,736103,,,,EMPLOYMENT AGENCIES & OPPORTUNITIES,,,
,,,,,,,,,A FLOWER AFFAIR,,84 HESPELER AVE,,WINNIPEG,R2L 0L3,2047720355,,,599206,,,,WEDDING FLOWERS,,,
,,,,,,,,,A H COMPUTER SYSTEM,"HALLONQUIST, ANDREW",27 FAIRWAY DR,,MORDEN,R6M 0B2,2048789454,,,737905,,,,COMPUTER CONSULTANTS,HALLONQUIST,CHERYL,OWNER
,,,,,,,,,A H GLASS SVC LTD,"FRIESEN, BRENT",435 MAIN ST,,STEINBACH,R5G 1Z6,2043266846,,,521107,,,,WINDOWS,FRIESEN,EUGENE,MANAGER
,,,,,,,,,A HAIR AFFAIR WITH ADDY,"SWITZER, ADDY",762 13TH ST,,BRANDON,R7A 4R7,2047288733,,,723106,,,,BEAUTY SALONS,SWITZER,JAN,MANAGER
,,,,,,,,,A HOPE CONSTRUCTION,"HOPE, ALAN",854 MARION ST,1,WINNIPEG,R2J 0K4,2046542944,,,176103,,,,GUTTERS & DOWNSPOUTS,HOPE,ANDY,CEO
,,,,,,,,,A I S,"ELDER, SHAWNE",1950 49TH ST E,,BRANDON,R7A 7R2,2047288002,,,179911,,,,SANDBLASTING,ELDER,MARK,OWNER
,,,,,,,,,A INTERNATIONAL DRIVING SCHOOL,"CHANA, R",314 ROYAL MINT DR,,WINNIPEG,R2J 3Z5,2047950007,,,829902,,,,DRIVING INSTRUCTION,CHANA,JOHN,EXEC DIRECTOR
,,,,,,,,,A J DICKSON TAX SVC,"DICKSON, A J",158 BOYNE AVE W,4,MORRIS,R0G 1K0,2047462831,,,729101,,,,TAX RETURN PREPARATION & FILING,DICKSON,KIIL,OWNER
,,,,,,,,,A J FIOLA INSURANCE,"CHAPUT, ROBERT",161 CENTRALE AVE,,STE ANNE,R5H 1C3,2044225985,,,641112,,,,INSURANCE,CHAPUT,JIYUNG,MANAGER
,,,,,,,,,A J PHILLIPS & ASSOC,"PHILLIPS, A J",27 DUFORT PL,,WINNIPEG,R3V 1V2,2042693417,,,874214,,,,MARKETING CONSULTANTS,PHILLIPS,CALVIN,OWNER
,,,,,,,,,A J ROOFING,,32 WEAVER BAY,,WINNIPEG,R2M 2G6,2049526654,,,176109,,,,ROOFING CONTRACTORS,,,
,,,,,,,,,A J TOWING,"GADDA, PAUL",1056 MCLEOD AVE,,WINNIPEG,R2G 3G4,2049971080,,,754901,,,,WRECKER SERVICE,GADDA,WENDY,OWNER
,,,,,,,,,A KAVANAGH JEWELERS,"MOONEY, TONY",167 LOMBARD AVE,B4,WINNIPEG,R3B 0T6,2049438153,,,594409,,,,JEWELERS-RETAIL,MOONEY,GARRETT,MANAGER
,,,,,,,,,A KAYE'S DRIVING SCHOOL,"KAYE, ANNETTE",954 AIRLIES ST,,WINNIPEG,R2V 2Z9,2043398600,,,829902,,,,DRIVING INSTRUCTION,KAYE,JANET,OWNER
,,,,,,,,,A L MC COUBREY & ASSOC,"MC COUBREY, ARTHUR L",39 VALENCE AVE,,WINNIPEG,R3T 3W6,2042619000,,,653116,,,,REAL ESTATE APPRAISERS,MC COUBREY,DOROTHY,CEO
,,,,,,,,,A L SCHELLENBERG LTD,"SCHELLENBERG, A LEON CA",474 PANET RD,,WINNIPEG,R2C 3B9,2046695143,,,,,,,ACCOUNTANTS,SCHELLENBERG,LYNNE,OWNER
,,,,YES,,,,,A L'EPI de BLE FRENCH BAKERY,,1757 MAIN STREET,"WINNIPEG, MB R2V 1Z8",WINNIPEG,R2V 1Z8,(204)334-2526,,,,,,,,,,
,,,,,,,,,A LITTLE PIZZA HEAVEN,,625 PORTAGE AVE,B,WINNIPEG,R3B 2G4,2047775355,,,581208,,,,RESTAURANTS,,,
,,,,,,,,,A LITTLE PIZZA HEAVEN,"STEPHENSON, MATT",120 OSBORNE ST,2,WINNIPEG,R3L 1Y5,2047775255,,,581206,,,,FOODS-CARRY OUT,STEPHENSON,STAN,OWNER
,,,,,,,,,A LITTLE VIET NAM,,2305 MCPHILLIPS ST,316,WINNIPEG,R2V 3E1,2043344101,,,581208,,,,RESTAURANTS,,,
,,,,,,,,,A LITZ CONSTRUCTION LTD,"LITZ, AL",1087 THOMAS AVE,,WINNIPEG,R2L 2C1,2046687061,,,152103,,,,GENERAL CONTRACTORS,LITZ,KEN,OWNER
,,,,,,,,,A M GRAPHICS LTD,"MEHMEL, AL",42 DEER LODGE PL,,WINNIPEG,R3J 2B8,2043347463,,,399302,,,,SIGNS (MFRS),MEHMEL,CONNIE,SITE MANAGER
,,,,,,,,,A M LUMBER BROKERAGE,"MITCHELL, AL",140 OAKLAND RD,B,OAK BLUFF,R0G 1N0,2048858150,,,521142,,,,LUMBER-RETAIL,MITCHELL,CHARLES,RELIGIOUS DIR
,,,,,,,,,A M ORTHOPEDIC SHOE REPAIR,,393 PORTAGE AVE,215,WINNIPEG,R3B 3H6,2044156292,,,725102,,,,SHOE & BOOT REPAIRING,,,
,,,,no,,,,,A MAZE IN CORN,ANGIE MASSE,1351 200 PR,,ST ADOLPHE,R5A 1A2,2048832048,,,701101,2,,1,HOTELS & MOTELS,,B,2
,,,,,,,,,A MOBILE AD-ALL AROUND SIGN CO,"PRUDHOMME, JERRY",477 CENTURY ST,,WINNIPEG,R3J 1J9,2049420220,,,399302,,,,SIGNS (MFRS),PRUDHOMME,STELLA,MANAGER
,,,,,,,,,A MONTY'S TOWING,"GRANDMONT, GARY",527 RIVERTON AVE,,WINNIPEG,R2L 0N8,2042299832,,,754901,,,,WRECKER SERVICE,GRANDMONT,ROB,MANAGER
,,,,,,,,,A N & AF VETERANS NO 1 CAFE,"DEANE, IRENE",1395 ELLICE AVE,300,WINNIPEG,R3G 0G3,2047860872,,,581208,,,,RESTAURANTS,DEANE,ALVIN,OWNER
,,,,,,,,,A N D & ASSOC LTD,"OSATO, ROBERT",929 ST MARY'S RD,,WINNIPEG,R2M 3R6,2042534900,,,729101,,,,TAX RETURN PREPARATION & FILING,OSATO,JOAN,SITE MANAGER
,,,,,,,,,A NATURAL WELLNESS CHIRO CTR,"STITT, ROBERT DC",912 PORTAGE AVE,104,WINNIPEG,R3G 0P5,2047831880,,,804101,,,,CHIROPRACTORS DC,STITT,PETER,MANAGER
,,,,,,,,,A OK TRUK TAX-R PRESSMAN,"PRESSMAN, ROBERT",63 MARQUIS CRES,,WINNIPEG,R2P 0J7,2046331173,,,729101,,,,TAX RETURN PREPARATION & FILING,PRESSMAN,RICHARD,OWNER
,,,,,,,,,A ONE LOCKSMITHING SVC,"BIEDRON, GEORGE",PO BOX 3583 STN B,,WINNIPEG,R2W 3R4,2044793888,,,769962,,,,LOCKS & LOCKSMITHS,BIEDRON,BRIAN,SITE MANAGER
,,,,,,,,,A P GARDEN,,271 PROVENCHER BLVD,,WINNIPEG,R2H 0G6,2042379998,,,581208,,,,RESTAURANTS,,,
,,,,,,,,,A P GIESBRECHT TRUCKING INC,"GIESBRECHT, ABE",30 ROAD 6N,,ALTONA,R0G 0B0,2043249000,,,421304,,,,TRUCKING,GIESBRECHT,RICHARD,RELIGIOUS DIR
,,,,,,,,,A PAGE INC,"BOILY, GERALD",200 PROVENCHER BLVD,,WINNIPEG,R2H 0G3,2042337223,,,594201,,,,BOOK DEALERS-RETAIL,BOILY,PAT,OWNER
,,,,,,,,,A PALADIN CONSTRUCTION,"BRENTNALL, LEONDARD",34 BRIGANTINE BAY,,WINNIPEG,R3P 1P9,2044796484,,,179403,,,,EXCAVATING CONTRACTORS,BRENTNALL,MARK,OWNER
,,,,,,,,,A PAPERWORK PRO,"FINKEL, SANDRA",453 PEMBINA HWY,,WINNIPEG,R3M 2K9,2044890826,,,275202,,,,PRINTERS (MFRS),FINKEL,ROB,OWNER
,,,,,,,,,A PAWSITIVE IMAGE PET PHTGRPHY,,624 INGERSOLL ST,,WINNIPEG,R3G 2J4,2046324742,,,722101,,,,PHOTOGRAPHERS-PORTRAIT,,,
,,,,,,,,,A PERFECT POLISH NAIL STUDIO,"TRAN, SANDRA",1014 ST MARY'S RD,4,WINNIPEG,R2M 3S6,2044157724,,,723102,,,,MANICURING,TRAN,BOB,MANAGER
,,,,YES,,,,,A PET LOVERS WAREHOUSE LTD,"LAMONT, ROBERT",2030 PARK AVE,,BRANDON,R7B 0R9,2047251172,382,,75211,,,,PET BOARDING SITTING & KENNELS,LAMONT,ALAN,PRESIDENT
,,,,,,,,,A PLUS COMPUTERS & SVC,"HOUGHTON, JASON",3050 PORTAGE AVE,K,WINNIPEG,R3K 0Y1,2048378378,,,737801,,,,COMPUTERS-SERVICE & REPAIR,HOUGHTON,GRANT,SITE MANAGER
,,,,,,,,,A PLUS FILTRATION,,1075 THOMAS AVE,H,WINNIPEG,R2L 2C1,2046618080,,,553102,,,,FILTERS-AIR & GAS,,,
,,,,,,,,,A PLUS FILTRATION PRODUCTS,"REMPEL, JOHN",723 NAIRN AVE,,WINNIPEG,R2L 0X6,2046618080,,,553102,,,,FILTERS-AIR & GAS,REMPEL,NICOLE,OWNER
,,,,,,,,,A PLUS RESTAURANT EQUIP-SUPLS,"SALAAM, NAZ",334 MCDERMOT AVE,,WINNIPEG,R3A 0A5,2047837587,,,504604,,,,RESTAURANT EQUIPMENT & SUPPLIES (WHLS),SALAAM,DAWN,OWNER
,,,,,,,,,A PLUS WATER HEATERS,"SARANCHUK, TERRY",816 ADDIS AVE,,WEST ST PAUL,R2V 4S3,2046320810,,,171102,,,,HEATING CONTRACTORS,SARANCHUK,DOUG,GENERAL MGR
,,,,,,,,,A PORT IN THE STORM INC,"ANSTETT, ROJEAN",601 AULNEAU ST,10,WINNIPEG,R2H 2V5,2042310720,,,839919,,,,CHARITABLE INSTITUTIONS,ANSTETT,JEAN-VIANNE,MANAGER
,,,,,,,,,A POST ALUMINUM FABRICATORS,"METCALFE, BRENT",601 BOWMAN AVE,5,WINNIPEG,R2K 1P7,2046638800,,,335501,,,,ALUMINUM FABRICATORS (MFRS),METCALFE,RANDY,SITE MANAGER
,,,,,,,,,A Q GROUP SOLUTIONS,"LOMOW, LAURA",226 OSBORNE ST N,202,WINNIPEG,R3C 1V4,2049892006,,,628201,,,,RETIREMENT PLANNING SERVICES,LOMOW,DARREN,OWNER
,,,,,,,,,A QUALITY CARPET & UPHOLSTERY,"ZABOROWSKI, SEAN",193 DUMOULIN ST,213,WINNIPEG,R2H 0E4,2049826934,,,721704,,,,CARPET & RUG CLEANERS,ZABOROWSKI,,
,,,,,,,,,A RANDY'S GARAGE DOOR SVC,"CRUICKSHANKS, RANDY",7 ATKINSON RD,,WINNIPEG,R3R 1Y6,2047820110,,,521101,,,,DOORS-GARAGE,CRUICKSHANKS,KEN,OWNER
,,,,,,,,,A RENOVATION BY TRADITION,"HEIBERT, NEIL",99 SCURFIELD BLVD,149,WINNIPEG,R3Y 1Y1,2046128258,,,152117,,,,KITCHEN REMODELING & PLANNING SVC,HEIBERT,NORMA,MANAGER
,,,,,,,,,A ROYAL LIMOUSINE SVC,"BRAR, AMARDEEP",92 KENVILLE CRES,,WINNIPEG,R2P 0X7,2042271509,,,411903,,,,LIMOUSINE SERVICE,BRAR,D,MANAGER
,,,,,,,,,A S STYLE HUB,"DHALLA, SUMANPREET",2981 PEMBINA HWY,,WINNIPEG,R3T 2H5,2042192039,,,562105,,,,BOUTIQUE ITEMS-RETAIL,DHALLA,DOUG,PRESIDENT
,,,,,,,,,A SARNA ROOFING INC,"SARNA, PATRICK",524 FLEET AVE,,WINNIPEG,R3L 0S2,2042227663,,,176109,,,,ROOFING CONTRACTORS,SARNA,HARRY,OWNER
,,,,,,,,,A SHELL FINANCIAL SVC,"SHELL, AL",452 BROCK ST,,WINNIPEG,R3N 0Z1,2044895393,,,628205,,,,FINANCIAL PLANNING CONSULTANTS,SHELL,JOANNE,OWNER
,,,,YES,,,,,A STEWART REPAIR,,1525 1ST STREET N.,"BRANDON, MB R0K 1X0",BRANDON,R0K 1X0,(204)365-0086,5350,,,,,,,,,
,,,,,,,,,A T S RETAIL SOLUTIONS,,1725 ST JAMES ST,12,WINNIPEG,R3H 1H3,2047868891,,,421304,,,,TRUCKING,,,
,,,,,,,,,A TOUCH OF GRASS,"PRITCHARD, JEFF",1139 SANFORD ST,,WINNIPEG,R3E 3A1,2047861468,,,72104,,,,WEED CONTROL SERVICE,PRITCHARD,JAMES,OWNER
,,,,,,,,,A TOUCH OF GREY,"TCHMAN, THERESA",133 NIAKWA RD,106,WINNIPEG,R2M 5J5,2042567448,,,723106,,,,BEAUTY SALONS,TCHMAN,BRIAN,OWNER
,,,,,,,,,A UNIQUE SOUND,"DE'ATHE, RODNEY",625 20TH ST,,BRANDON,R7B 1M2,2047275039,,,792911,,,,MUSIC RECORDED DANCE,DE'ATHE,ALLISON,OWNER
,,,,,,,,,A V ELECTRONICS,"COOK, RANDY",222 SASKATCHEWAN AVE W,,PORTAGE-LA-PR,R1N 0M2,2042394020,,,573107,,,,SATELLITE EQUIPMENT & SYSTEMS-RETAIL,COOK,JOHN,OWNER
,,,,,,,,,A VOTRE SANTE,"SABOURIN, MARIE CLAIR",914 CORYDON AVE,,WINNIPEG,R3M 0Y5,2044757683,,,729917,,,,MASSAGE THERAPISTS,SABOURIN,MARLA,OWNER
,,,,,,,,,A VOYAGE FUNERAL HOME & CRMTRM,"VOGIATZAKIS, MICHAEL",18 MAIN ST,,SELKIRK,R1A 1P5,2047851575,,,726103,,,,FUNERAL DIRECTORS,VOGIATZAKIS,IKE,PRINCIPAL
,,,,,,,,,A W D SPECIALISTS,,316 ST MARY'S RD,,WINNIPEG,R2H 1J8,2042752897,,,521107,,,,WINDOWS,,,
,,,,,,,,,A WILSON AUTOBODY,"WILSON, ALAN",710 7TH AVE,,VIRDEN,R0M 2C0,2047486262,,,753201,,,,AUTOMOBILE BODY-REPAIRING & PAINTING,WILSON,JEFF,
,,,,,,,,,A WINNIPEG TOWING SVC,"WINTERS, BRYAN",24 SHERWOOD PL,,WINNIPEG,R2M 0M4,2047916500,,,754901,,,,WRECKER SERVICE,WINTERS,MAUREEN,
,,,,,,,,,A WOOD FLOOR BY THE WOODS BROS,"WOOD, JEFF",134 LANSDOWNE AVE,,WINNIPEG,R2W 0G4,2042291524,,,242604,,,,HARDWOOD FLOORING (MFRS),WOOD,TOM,
,,,,,,,,,A ZAID CONCRETE,"RIEMER, JACK",7 REGIS DR,,WINNIPEG,R2N 1J9,2047813278,,,177105,,,,CONCRETE CONTRACTORS,RIEMER,PETER,OWNER
,,,,no,,,,,A&W CANADA,GRAHAM MC FARLAND,238 MAIN ST,,SELKIRK,R1A 1S2,2044825417,,,734201,13,,1,PEST CONTROL,,A,2
,,,,no,,,,,A&W CANADA,DAN VAN ACHT,23022 PTH 44,,LOCKPORT,R1B 1A1,2047572704,,,449306,13,,1,MARINAS,,A,2
,,,,no,,,,,A&W CANADA,LARRY GERAGHTY,1639 REGENT AVE W,3220,WINNIPEG,R2C 4H9,2046688303,,,799201,11,,9,GOLF COURSES,,I,2
,,,,no,,,,,A&W CANADA,JASON LEMKY,1403 HENDERSON HWY,,WINNIPEG,R2G 1N3,2043385023,,,142901,11,,9,STONE-NATURAL,,A,2
,,,,no,,,,,A&W CANADA,SJAAN PROTULIPAC,1078 ST MARY'S RD,,WINNIPEG,R2M 3T3,2042536728,,,541105,11,,9,GROCERS-RETAIL,,B,2
,,,,no,,,,,A&W CANADA,BRYAN DEIBERT,817 KEEWATIN ST,,WINNIPEG,R2X 3B9,2046972033,,,19101,11,,9,MUSHROOMS,,A,2
,,,,no,,,,,A&W CANADA,CRAIG FAULKNER,1520 PORTAGE AVE,,WINNIPEG,R3G 0W8,2047743275,,,521124,11,,9,TRUSSES-CONSTRUCTION WHLS & MFRS,,A,2
,,,,no,,,,,A&W CANADA,KEITH EARLE,3095 PORTAGE AVE,,WINNIPEG,R3K 0W4,2048857633,,,602101,11,,9,BANKS,,B,2
,,,,no,,,,,A&W CANADA,BLAIN PAULL,1875 PEMBINA HWY,,WINNIPEG,R3T 2G7,2042695706,,,174205,11,,9,INSULATION CONTRACTORS-COLD & HEAT,,A,2
,,,,no,,,,,A&W CANADA,STEVE HOLLINS,920 MAIN ST,,WINKLER,R6W 4A7,2043255332,,,546105,3,,1,DOUGHNUTS,,A,2
,,,end 2007,NO,,,,,A&W CANADA,DAVID MILL,1847 QUEENS AVE,4,BRANDON,R7B 3V4,2047273793,5421,,508310,7,,5,FARM EQUIPMENT (WHLS),,A,MANAGER
,,,end 2002,NO,,,,,A&W CANADA,DAVID MILLS,1550 AV HIGHLAND,,BRANDON,R7C 1A7,2047290811,184,,421304,7,,5,TRUCKING,,A,PRINCIPAL
,,,,YES,,,,,A&W CANADA,"HO, TAMMY",360 FRONTAGE RD W,,VIRDEN,R0M 2C0,2047482008,1955,,581206,,,,FOODS-CARRY OUT,HO,RONALD G,OWNER
,,,,yes,,,,,A&W CANADA,GUS MAKRIGIANNIS,393 PORTAGE AVE,170,WINNIPEG,R3B 3H6,2049472102,75,,754201,11,,9,CAR WASHING & POLISHING,,B,OWNER
,,,,yes,,,,,A&W CANADA,KEN PENNER,35 BRANDT ST,,STEINBACH,R5G 0T4,2043269818,6693,,344106,2,,1,STEEL-STRUCTURAL (MFRS),,A,OWNER
,,,,,,,,,A&W CANADA,"MILLER, DAVE",510 PELLY AVE S,,RUSSELL,R0J 1W0,2047732001,,,581206,,,,FOODS-CARRY OUT,MILLER,BRUNO,OWNER
,,,,,,,,,A&W CANADA,"BLACK, JOSH",40 24TH ST NW,,PORTAGE-LA-PR,R1N 0G5,2048578336,,,581206,,,,FOODS-CARRY OUT,BLACK,REBECCA,OWNER
,,,,,,,,,A&W CANADA,"DOHERTY, RICHARD",1555 REGENT AVE W,,WINNIPEG,R2C 4J2,2046637974,,,581206,,,,FOODS-CARRY OUT,DOHERTY,EDWARD,SITE MANAGER
,,,,,,,,,A&W CANADA,"FULLER, KIRK",107 VERMILLION RD,10,WINNIPEG,R2J 4A9,2042552176,,,581206,,,,FOODS-CARRY OUT,FULLER,ALI,OWNER
,,,,,,,,,A&W CANADA,"RIVERA, EDEN",1225 ST MARY'S RD,72,WINNIPEG,R2M 5E5,2042559338,,,581206,,,,FOODS-CARRY OUT,RIVERA,JANET,OWNER
,,,,,,,,,A&W CANADA,,2230 MCPHILLIPS ST,12,WINNIPEG,R2V 3C8,2046978180,,,581206,,,,FOODS-CARRY OUT,,,
,,,,,,,,,A&W CANADA,"GREWEL, KARAMJIT",2585 MAIN ST,,WINNIPEG,R2V 4W3,2043382503,,,581206,,,,FOODS-CARRY OUT,GREWEL,DALE,MANAGER
,,,,,,,,,A&W CANADA,"FOULGER, RACHEL",2607 PORTAGE AVE,,WINNIPEG,R3J 0P6,2048310020,,,581206,,,,FOODS-CARRY OUT,FOULGER,JOSIE,MANAGER
,,,,,,,,,A&W CANADA,"PROTULIPAC, MIKE",52 OSBORNE ST,,WINNIPEG,R3L 1Y3,2044523219,,,581206,,,,FOODS-CARRY OUT,PROTULIPAC,STACIE,MANAGER
,,,,,,,,,A&W CANADA,"BARRELLI, JOHN",1120 GRANT AVE,380,WINNIPEG,R3M 2A6,2044756578,,,581206,,,,FOODS-CARRY OUT,BARRELLI,KEN,MANAGER
,,,,,,,,,A&W CANADA,,1 LOWSON CRES,,WINNIPEG,R3P 0T3,2044880588,,,581206,,,,FOODS-CARRY OUT,,,
,,,,,,,,,A&W CANADA,"PAULL, BLAIN",1875 PEMBINA HWY,,WINNIPEG,R3T 2G7,2042695706,,,581206,,,,FOODS-CARRY OUT,PAULL,LORNE H,OWNER
,,,,,,,,,A&W CANADA,,2012 PEMBINA HWY,,WINNIPEG,R3T 2G8,2042753456,,,581206,,,,FOODS-CARRY OUT,,,
,,,,,,,,,A&W CANADA,"BORELLI, JOHN",867 WAVERLEY ST,,WINNIPEG,R3T 5P4,2044870381,,,581206,,,,FOODS-CARRY OUT,BORELLI,GORDON,OWNER
,,,,,,,,,A&W CANADA,"HOLLINS, STEVE",925 MAIN ST,,WINKLER,R6W 4A7,2043255332,,,581206,,,,FOODS-CARRY OUT,HOLLINS,DAN,MANAGER
,,,,,,,,,A&W CANADA,"MILL, DAVID",1260 18TH ST,,BRANDON,R7A 5C3,2047273793,,,581206,,,,FOODS-CARRY OUT,MILL,SHANNON,PARTNER
,,,,,,,,,A&W CANADA,"CROOKS, JEFF",1570 18TH ST,,BRANDON,R7A 5C5,2045713167,,,581206,,,,FOODS-CARRY OUT,CROOKS,NEIL,OWNER
,,,,,,,,,A&W CANADA,"MILLS, DAVID",1550 HIGHLAND AVE,,BRANDON,R7C 1A7,2047290811,,,581206,,,,FOODS-CARRY OUT,MILLS,ERIC,MANAGER
,,,,,,,,,A&W FLOORING INC,"MALITSKY, WALTER",165 RIVER EDGE DR,,WEST ST PAUL,R4A 1C5,2042275221,,,242604,,,,HARDWOOD FLOORING (MFRS),MALITSKY,JOHN,MANAGER
,,,,YES,,,,,A.CAPLAN M.D,,139 CARMEN AVENUE,"WINNIPEG, MB R2L 0E5",WINNIPEG,R2L 0E5,(204)661-3885,2544,,,,,,,,,
,,,,YES ,,,,,A.D. VENTURES,,87 MAIN STREET,"LANDMARK, MB R0A 0X0",LANDMARK,R0A 0X0,(204)355-9220,8113,,,,,,,,,
,,,,NO,,,,,A.G.'S MOTORSPORTS CENTRAL,,11 PTH 12,"STEINBACH, MB R5G 1T1",STEINBACH,R5G 1T1,(204)346-7788,365,,,,,,,,,2
,,,END 2006,NO,,,,,A.J. WATSON & SON LTD,,,,RATHWELL,,,543,,,,,,,,,
,,,,YES,,,,,A.L.G. PROFESSIONAL CENTRE,,351 MAIN STREET,"WINKLER, MB R6W 4B4",WINKLER,R6W 4B4,(204)325-4753,7175,,,,,,,,,
,,,END 2007,NO,,,,,A.S.H. MANAGEMENT GROUP INC.,,960 PORTAGE AVENUE,"WINNIPEG, MB R3G 0R4",WINNIPEG,R3G 0R4,(204)982-7981,,,,,,,,,,2
,,,,YES,,,,,A/R SLUSH ACCOUNT,,,,,,,9000,,,,,,,,,
,,,,,,,,,A+ SWISS DENTURE CLINIC,"SEREBNITSKI, MARK",581 ST MARY'S RD,,WINNIPEG,R2M 3L7,2045050575,,,807203,,,,DENTURISTS,SEREBNITSKI,GARY,RELIGIOUS DIR
,,,,,,,,,A1 CELLULAR COMMUNICATIONS,"BUCZKO, LAWRENCE",2082 NESS AVE,10,WINNIPEG,R3J 0Z3,2046336203,,,481207,,,,CELLULAR TELEPHONES (SERVICES),BUCZKO,MICHAEL,OWNER
,,,,,,,,,A-1 DESIGN ELECTRIC LTD,,47 HOUDE DR,,WINNIPEG,R3V 1C4,2042755158,,,173101,,,,ELECTRIC CONTRACTORS,,,
,,,,,,,,,A-1 ENVIRONMENTAL SVC,"ROUSSEAU, ERNEST",1447 DUGALD RD,,WINNIPEG,R2J 0H3,2042373681,,,171108,,,,SEPTIC TANKS,ROUSSEAU,CHINLIANG,OWNER
,,,,,,,,,A1 LIMOUSINE SVC,"GILL, DARSHAN",7 AMBERGATE DR,,WINNIPEG,R2P 2S4,2049902663,,,411903,,,,LIMOUSINE SERVICE,GILL,SALOMON,OWNER
,,,,,,,,,A-1 MOVING & STGE SINCE 1903,,11601 BOWMAN,,WINNIPEG,R2K 1P7,2046686560,,,421216,,,,MOVERS-HEAVY HAULING,,,
,,,,,,,,,A1 NAIL PAMPERS,"LAM, KIM",2195 PEMBINA HWY,5,WINNIPEG,R3T 5S9,2042696245,,,723102,,,,MANICURING,LAM,RAY,OWNER
,,,,,,,,,A1 NUTRITION,"POKHOY, FROS",2866 PEMBINA HWY,60,WINNIPEG,R3T 2J1,2042617240,,,549901,,,,HEALTH & DIET FOODS-RETAIL,POKHOY,PETR,OWNER
,,,,,,,,,A1 PALLET CO,,1088 BAY RD,,ST ANDREWS,R1A 3L1,2049556985,,,244801,,,,PALLETS & SKIDS-MANUFACTURERS,,,
,,,,,,,,,A-1 POWER DOOR LTD,"HOPKINSON, VAL",521 GOLSPIE ST,8,WINNIPEG,R2K 2T8,2046546000,,,162913,,,,DOCKBOARDS & RAMPS,HOPKINSON,JOHN,OWNER
,,,,,,,,,A1 SELECT AUTO PARTS,"KELLETT, LLOYD",370 DAWSON RD N,,WINNIPEG,R2J 0S7,2049557455,,,754901,,,,WRECKER SERVICE,KELLETT,SUYUNG,MANAGER
,,,,,,,,,A1 TRUCK WHEELS,,PO BOX 45,,GRETNA,R0G 0V0,8884583583,,,553117,,,,WHEELS & WHEEL COVERS,,,
,,,END 2013,NO,,,,,A-1 VACUUM,,535-34TH STREET,"BRANDON, MB R7B 3P8",BRANDON,R7B 3P8,,270,,,,,,,,A,2
,,,,,,,,,A-1WWF CONSTRUCTION,,23 MOWAT RD,,EAST ST PAUL,R2E 0M2,2046681944,,,162307,,,,SEWER CONTRACTORS,,,
,,,,,,,,,A-1WWF CONSTRUCTION,"FECIO, BILL",915 MCLEOD AVE,,WINNIPEG,R2G 0Y4,2047921944,,,162307,,,,SEWER CONTRACTORS,FECIO,JEFF,OWNER
,,,,,,,,,A2Z METALS,"GILBERT, ALLEN",1530 CHURCH AVE,,WINNIPEG,R2X 1G6,2046945274,,,336501,,,,FOUNDRIES-ALUMINUM BRASS BRONZE (MFRS),GILBERT,RICHARD,OWNER
,,,,,,,,,A2Z SUPER MART,"WARHA, SUKHBIR",998 KEEWATIN ST,12,WINNIPEG,R2R 2V1,2046885558,,,541103,,,,CONVENIENCE STORES,WARHA,NICK,OWNER
,,,,no,,,,,AA CLEAN LINE & SEWER & DRAIN,JEFF PEEL,1201 GRASSMERE RD,17,WEST ST PAUL,R4A 1C4,2048970777,,,821103,13,,1,ACCOUNTANTS,,A,2
,,,,,,,,,AA MIRACLE JANITOR SVC CO,"MARYK, DIANE",101 HUTCHINGS ST,33,WINNIPEG,R2X 2V4,2044894291,,,734902,,,,JANITOR SERVICE,MARYK,LOUIS,MANAGER
,,,,,,,,,A-A WINNIPEG MOVING,"KRULICKI, BRADLEY",400 OAK POINT HWY,,WINNIPEG,R2R 1V1,2049256683,,,421216,,,,MOVERS-HEAVY HAULING,KRULICKI,RICK,MANAGER
,,,,,,,,,AA/ALANON,,450 3RD ST NW,,PORTAGE-LA-PR,R1N 3Y1,2048573091,,,832218,,,,SOCIAL SERVICE & WELFARE ORGANIZATIONS,,,
,,,,no,,,,,AAA ALARMS SYSTEMS LTD,RANDY WILLIAMS,180 NATURE PARK WAY,,WINNIPEG,R3P 0X7,2049490078,,,201104,11,,9,MEAT PRODUCTS (MFRS),,A,2
,,,,,,,,,AAA ARCHIBALD STORAGE,"MOODREY, ALEX",223 ARCHIBALD ST,,WINNIPEG,R2J 0W5,2042312966,,,421401,,,,MOVERS,MOODREY,PRECIOUS,MANAGER
,,,,,,,,,AAA CHOICE TRAVEL & TOUR,"KUMAR, A J",72 MANDALAY DR,,WINNIPEG,R2P 1V8,2046947587,,,472402,,,,TRAVEL AGENCIES & BUREAUS,KUMAR,DAVID,MANAGER
,,,,,,,,,AAA CONCRETE MASTERS,"HAROLD, KEVIN",221 HIGGINS AVE,,WINNIPEG,R3B 0C4,2049533012,,,177105,,,,CONCRETE CONTRACTORS,HAROLD,NICOLE,PRESIDENT
,,,,,,,,,AAA CONSTR EQPT SUPER MKT,,727 MISSION ST,,WINNIPEG,R2J 3Y3,2042351370,,,738901,,,,AUCTIONEERS,,,
,,,,,,,,,AAA DOWNTOWN DENTAL CLINIC,"LEKIC, ZIVKA",400 ST MARY AVE,101,WINNIPEG,R3C 4K5,2049584650,,,802101,,,,DENTISTS,LEKIC,DON,MANAGER
,,,,no,,,,,AAA ELECTRIC LTD,JIM GOSLING,1400 VALOUR RD,7,WINNIPEG,R3E 2W9,2049439073,,,821103,11,,9,ACCOUNTANTS,,I,2
,,,,,,,,,AAA FOREIGN & IMPORT CAR,"GILLMAN, ALEX",222 PARKLANE ST,,WINNIPEG,R2R 0N3,2046332542,,,501501,,,,AUTOMOBILE PARTS-USED & REBUILT (WHLS),GILLMAN,NATALIA,RELIGIOUS DIR
,,,,,,,,,AAA FORT GARRY FLOORING,"ARNAL, GUY",115 SOUTHBEND CRES,,WINNIPEG,R3Y 1K8,2044897161,,,175206,,,,CARPET LAYERS,ARNAL,FRANK,CEO
,,,,,,,,,AAA GARAGE DOORS,"PETTYPIECE, KEN",791 SELKIRK AVE,,WINNIPEG,R2W 2N5,2047868907,,,521131,,,,DOORS,PETTYPIECE,RICK,OWNER
,,,,,,,,,AAA MASTER LOCKSMITHS,"CIUNYK, KEN",702 SELKIRK AVE,,WINNIPEG,R2W 2N3,2045897810,,,769962,,,,LOCKS & LOCKSMITHS,CIUNYK,BRAD,SITE MANAGER
,,,,,,,,,AAA PARKING LOT SVC,"BANISH, KEVIN",294 EVELYN AVE,,WEST ST PAUL,R4A 4A5,2043343522,,,161104,,,,PARKING AREA/LOTS MAINTENANCE & MARKING,BANISH,GERALD,RELIGIOUS DIR
,,,,,,,,,AAA PET HOTEL SANTANA KENNEL,"MC IVER, IAN",PERIMETER & SELKIRK AVE,,WINNIPEG,R3K 2E7,2046336000,,,75210,,,,PET SERVICES,MC IVER,BILL,PRESIDENT
,,,,,,,,,AAA PLUS EXTERMINATIONS,"VAN DER LINDE, ROB",102 ALLENBY CRES,,WINNIPEG,R2C 3J2,2047775567,,,78301,,,,TREE SERVICE,VAN DER LINDE,LU,OWNER
,,,,,,,,,AAA PUMPING SVC,"PEEL, BLAKE",1490 MOLSON ST,,WINNIPEG,R2G 3S7,2049993452,,,171108,,,,SEPTIC TANKS,PEEL,DENNIS,OWNER
,,,,,,,,,AAA ROY'S RIDGID ROOTER,"KOLBUCK, ROY",429 HAROLD AVE W,,WINNIPEG,R2C 2E1,2042225306,,,171105,,,,PLUMBING CONTRACTORS,KOLBUCK,DAVID,PRINCIPAL
,,,,,,,,,AAA SECURITY,"WILLIAMS, RANDY",180 NATURE PARK WAY,,WINNIPEG,R3P 0X7,2049490078,,,506304,,,,SECURITY CONTROL EQUIP & SYSTEMS-WHLS,WILLIAMS,DENNIS,
,,,,,,,,,AAA SECURITY,"PETRASH, RHONDA",559 8TH ST,4,BRANDON,R7A 3X8,2047270094,,,506324,,,,BURGLAR ALARM SYSTEMS (WHLS),PETRASH,BOB,OWNER
,,,,,,,,,AAA SUPREME CLEANING SVC,"WIELER, RAY",53 KENVILLE CRES,,WINNIPEG,R2P 0X6,2046333986,,,721704,,,,CARPET & RUG CLEANERS,WIELER,IVY,OWNER
,,,,,,,,,AAA THERAPY AT HOME,,500 ST ANTHONY AVE,,WINNIPEG,R2V 0S5,2047828988,,,729917,,,,MASSAGE THERAPISTS,,,
,,,,,,,,,AAA VIP LIMOUSINE SVC,"BRAICH, A J",1106 FAIRFIELD AVE,,WINNIPEG,R3T 2R1,2049907186,,,411903,,,,LIMOUSINE SERVICE,BRAICH,PETER,MANAGER
,,,,,,,,,AAA WATERJET,"SMITH, RYAN",100 MCPHILLIPS ST,,WINNIPEG,R3E 2J7,2049470409,,,354403,,,,DIE CUTTING (MFRS),SMITH,DANYA,MANAGER
,,,,,,,,,AAA WINNIPEG SMLL MVE SPECLSTS,"EUGNE, JULIUS",273 SUTHERLAND AVE,,WINNIPEG,R2W 3G1,2047835356,,,421401,,,,MOVERS,EUGNE,MATT,MANAGER
,,,,,,,,,AAAA DIAMOND LIMOUSINE SVC,"BARA, GORMIT",61 MALIBU RD,,WINNIPEG,R2R 2J5,2042298453,,,411903,,,,LIMOUSINE SERVICE,BARA,CHERYL,DIRECTOR
,,,,no,,,,,A-AAA UNICITY TAXI,KHAN MIRZA,340 HARGRAVE PL,,WINNIPEG,R3C 0X5,2049253131,,,806202,11,,9,HOSPITALS,,A,2
,,,,,,,,,AAAAAAAA ALLIED AUTO,,1911 KING EDWARD ST,,WINNIPEG,R2R 0N3,2046330269,,,501402,,,,TIRE-DEALERS-USED (WHLS),,,
,,,,,,,,,A-AAA-TRIPLE-A MOVING,,48073 LAKEWOOD BLVD,35,WINNIPEG,R2J 1A3,2049475558,,,421216,,,,MOVERS-HEAVY HAULING,,,
,,,,,,,,,AA-ALBERT EXTERMINATORS,"BAKKUM, DENNIS",3336 PORTAGE AVE,297,WINNIPEG,R3K 2H9,2048855362,,,734201,,,,PEST CONTROL,BAKKUM,MAE,MANAGER
,,,,,,,,,AABCO PAWN SHOP,"WASILKA, HEATHER",547 8TH ST,2,BRANDON,R7A 3X8,2047277813,,,593229,,,,PAWNBROKERS,WASILKA,RICK,SITE MANAGER
,,,,,,,,,A-ACE MOVING,,PO BOX 21047 RPO CHARLESWOOD,,WINNIPEG,R3R 3R2,2042370533,,,421216,,,,MOVERS-HEAVY HAULING,,,
,,,,,,,,,AACTIVE COIN MACHINES LTD,"BASSET, ROBERT",41 BURNETT AVE,,WINNIPEG,R2G 1C2,2042375966,,,509101,,,,BILLIARD EQUIPMENT & SUPPLIES (WHLS),BASSET,RYAN,OWNER
,,,END 2004,NO,,,,,AACTIVE PERSONNEL SERVICES,,290 WILLIAM AVENUE,"WINNIPEG, MB R3B 0R1",WINNIPEG,R3B 0R1,(204)982-4600,9462,,,,,,,,,
,,,,,,,,,AACTIVE PERSONNEL SVC,,312 WILLIAM AVE,,WINNIPEG,R3A 1P9,2049824600,,,736103,,,,EMPLOYMENT AGENCIES & OPPORTUNITIES,,,
,,,,YES,,,,,AACTIVE PERSONNEL SVC LTD,"PETERS, KEN",125 ADELAIDE ST,,WINNIPEG,R3A 0W4,2049824600,8580,,736103,,,,EMPLOYMENT AGENCIES & OPPORTUNITIES,PETERS,MARC,PRESIDENT
,,,,,,,,,A-AFFORDABLE LOCKSMITH,"PROKOPPA, JEFFREY",PO BOX 2011 STN MAIN,,WINNIPEG,R3C 3R3,2044785000,,,769962,,,,LOCKS & LOCKSMITHS,PROKOPPA,FRANK,OWNER
,,,,,,,,,AAHC ACUPUNCTURE HEALING CTR,"HUANG, GUOJIAN",689 ST MARY'S RD,,WINNIPEG,R2M 3M8,2047752266,,,504701,,,,PHYSICAL THERAPY EQUIPMENT (WHLS),HUANG,GEORGE,CEO
,,,,YES,,,,,AALADIN SUPERIOR CLEANING SYST,,71 DON VALLEY PARKWAY,"WINNIPEG, MB R2C 2Z2",WINNIPEG,R2C 2Z2,(204)663-6618,4352,,,,,,,,,
,,,,,,,,,A-ALL-PRO PEST CONTROL,"LABONTE, PIERRE",2025 CORYDON AVE,162,WINNIPEG,R3P 0N5,2047744911,,,734201,,,,PEST CONTROL,LABONTE,DANIELLE,MANAGER
,,,,no,,,,,AALTOS GARDEN CAFE,SCOTT SHAW,2401 SASKATCHEWAN AVE W,,PORTAGE LA PRAIRIE,R1N 3L5,2048579745,,,922404,9,,1,FIRE DEPARTMENTS,,A,2
,,,,no,,,,,AALTOS GARDEN CAFE,RODRIGO HERRERA,1415 REGENT AVE W,,WINNIPEG,R2C 3B2,2046548490,,,806202,11,,9,HOSPITALS,,B,2
,,,,no,,,,,AALTOS GARDEN CAFE,RICHARD BURTON,1824 PEMBINA HWY,,WINNIPEG,R3T 2G2,2044786422,,,21398,11,,9,LIVESTOCK FEEDING,,I,2
,,,,,,,,,AALTOS GARDEN CAFE,"BACON, NICOLE",826 REGENT AVE W,,WINNIPEG,R2C 3A8,2042241681,,,581208,,,,RESTAURANTS,BACON,ROBERT,MANAGER
,,,,,,,,,AALTOS GARDEN CAFE,"SPENCE, MICHAEL",2100 MCPHILLIPS ST,,WINNIPEG,R2V 3T9,2046976752,,,581208,,,,RESTAURANTS,SPENCE,MARION,OWNER
,,,,,,,,,AALTOS GARDEN CAFE,"ELGERT, JAY",1405 ST MATTHEWS AVE,,WINNIPEG,R3G 0K5,2047898878,,,581208,,,,RESTAURANTS,ELGERT,PEYMAN,PARTNER
,,,,,,,,,AALTOS GARDEN CAFE,"SHILOF, JULIE",1125 18TH ST,,BRANDON,R7A 7C5,2047271422,,,581208,,,,RESTAURANTS,SHILOF,JAMES,OWNER
,,,,NO,,,,,AAOW ANESTHETISTS MED CORP,"TOMS, ELAINE",849 NOTRE DAME AVE,,WINNIPEG,R3E 0M4,2047756967,8724,,801101,,,,PHYSICIANS & SURGEONS,TOMS,LORNA,OWNER
,,,,,,,,,AAR MORTGAGE CORP,"KALRA, DEEPAK",823 REGENT AVE W,,WINNIPEG,R2C 3A7,2042243271,,,616201,,,,REAL ESTATE LOANS,KALRA,GEOFF,OWNER
,,,,,,,,,AARDVARK PETS,"MC FARLANE, JEFF",1604 ST MARY'S RD,2,WINNIPEG,R2M 3W5,2042567705,,,75204,,,,PET WASHING & GROOMING,MC FARLANE,HARVEY,SITE MANAGER
,,,,,,,,,AARON CONSTRUCTION SVC LTD,"GRAY, ROBERT",30 MCKENZIE ST,,WINNIPEG,R2W 4Z3,2045827663,,,171103,,,,SHEET METAL WORK CONTRACTORS,GRAY,CRAIG,OWNER
,,,,,,,,,AARON FAMILY CHIROPRACTIC CTR,"ARMSTRONG, AARON",103 3RD ST NE,,PORTAGE-LA-PR,R1N 1N8,2042402405,,,804101,,,,CHIROPRACTORS DC,ARMSTRONG,STANLEY,PARTNER
,,,,,,,,,AARON'S,,1600 REGENT AVE W,3,WINNIPEG,R2C 3B5,2044156190,,,363998,,,,HOUSEHOLD APPLIANCES NEC (MFRS),,,
,,,,,,,,,AARON'S,,1300 ELLICE AVE,320,WINNIPEG,R3G 0E9,2047747368,,,363998,,,,HOUSEHOLD APPLIANCES NEC (MFRS),,,
,,,,,,,,,AARTS ACRES,"SOER, HANS",PO BOX 48,,ST JEAN BAPTISTE,R0G 2B0,2048423231,,,21398,,,,HOGS,SOER,HELEN,SITE MANAGER
,,,,no,,,,,ABALON FOUNDATION SPECIALISTS,GERRY BONHAM,965 PACIFIC AVE,,WINNIPEG,R3E 1G3,2047832500,,,821103,11,,9,ACCOUNTANTS,,A,2
,,,,YES,,,,,ABAS ESSO,,HWY 7,"WINNIPEG, MB R3C 2E6",WINNIPEG,R3C 2E6,(204)694-9099,6858,,,,,,,,,
,,,,,,,,,ABB CANADA INC,"ARNOLD, FRED",205 HENLOW BAY,,WINNIPEG,R3Y 1G4,2044882700,,,506328,,,,CONTROLS CONTROL SYSTS/REGULATORS (WHLS),ARNOLD,BRUCE,OWNER
,,,,,,,,,ABB SUBS,,506 SELKIRK AVE,,WINNIPEG,R2W 2M7,2046156656,,,581208,,,,RESTAURANTS,,,
,,,,,,,,,ABBEY ANTIQUES & ART,"COOPER, JOHN",914 CORYDON AVE,,WINNIPEG,R3M 0Y5,2044770489,,,593202,,,,ANTIQUES-DEALERS,COOPER,KEN,MANAGER
,,,,,,,,,ABBEY RENTS,"LANGELIER, RONALD",2124 MCPHILLIPS ST,,WINNIPEG,R2V 3C7,2046335624,,,526101,,,,LAWN & GARDEN EQUIP & SUPPLIES-RETAIL,LANGELIER,H,OWNER
,,,,,,,,,ABBEY ROAD DISTRIBUTION LTD,"SYKES, JOHN",400 OAK POINT HWY,,WINNIPEG,R2R 1V1,2046946800,,,505114,,,,NAILS & TACKS (WHLS),SYKES,RHONDA,PRESIDENT
,,,,,,,,,ABBEY ROAD DRIVER TRAINING,"ROBERTSON, FRANK",812 BERESFORD AVE,,WINNIPEG,R3L 1K1,2044539160,,,829902,,,,DRIVING INSTRUCTION,ROBERTSON,BRENDA,OWNER
,,,,,,,,,ABBI'S PAYFAIR,"ABBI, SATISH",467 SARGENT AVE,,WINNIPEG,R3B 1V4,2049426908,,,541105,,,,GROCERS-RETAIL,ABBI,VICKY,OWNER
,,,,,,,,,ABBOTT CATTLE CO LTD,"ABBOTT, JAMES",33110 RD 26W,,CARMAN,R0G 0J0,2047453884,,,21101,,,,LIVESTOCK FEEDING,ABBOTT,LOUIS,OWNER
,,,END 2006,NO,,,,,ABBOTT CLINIC,,274 OSBORNE STREET N.,"WINNIPEG, MB R3C 1V8",WINNIPEG,R3C 1V8,(204)774-5272,8284,,,,,,,,,
,,,,,,,,,ABBY ROSE,,912 ROSSER AVE,,BRANDON,R7A 0L4,2047274244,,,594712,,,,GIFT SHOPS,,,
,,,,,,,,,ABBY'S CITY WIDE GARAGE DOORS,"CRANDALL, A",PO BOX 45084 RPO KILDONAN PL,,WINNIPEG,R2C 5C7,2042229035,,,521101,,,,DOORS-GARAGE,CRANDALL,TONY,OWNER
,,,,,,,,,ABC CARPET & UPHOLSTERY CARE,"CONKLIN, RICHARD",480 PAUFELD DR,,WINNIPEG,R2G 0V3,2046639996,,,721704,,,,CARPET & RUG CLEANERS,CONKLIN,PETER,OWNER
,,,,,,,,,ABC FILING & BUSINESS SYSTS,"SMITH, KENNETH",1826 GRANT AVE,,WINNIPEG,R3N 0N3,2044535048,,,252204,,,,OFFICE FURNITURE & EQUIP-MFRS,SMITH,ALLAN,OWNER
,,,,no,,,,,ABC FIRE & SAFETY EQUIP LTD,DAVE JEANSON,800 MARION ST,,WINNIPEG,R2J 0K4,2042336083,,,999999,11,,9,,,A,2
,,,,,,,,,ABC MONTESSORI SCHOOL,"FERNANDO, PEARL",340 COCKBURN ST N,1,WINNIPEG,R3M 2P5,2044881291,,,835102,,,,SCHOOLS-NURSERY & KINDERGARTEN ACADEMIC,FERNANDO,JANET,RELIGIOUS DIR
,,,,,,,,,ABC POWER TOOLS & GARDEN,"KOENIG, ANDY",201 REGENT AVE W,,WINNIPEG,R2C 1R3,2042241760,,,525101,,,,SAWS,KOENIG,DAVID,OWNER
,,,,,,,,,ABC PROGRAM,"MCANC, JEAN",1045 GOVERNER AVE,,WINNIPEG,R3N 0M8,2044758988,,,835101,,,,CHILD CARE SERVICE,MCANC,ROBERT,OWNER
2,"Wednesday, March 07, 2018",,MM - none,no,$25,,Dr. Catrysse was in a meeting.  Girl at front desk says they've been happy with their CL service,,Catrysse Veterinary Services,"CATRYSSE, NOEL DVM",3234 PORTAGE AVE,,WINNIPEG,R3K 0Y9,2044899111,,,74201,,,,VETERINARIANS,CATRYSSE,DENNIS,OWNER
,,,,no,,,,,ABC TAXI,BEBE YOHANNES,658 10TH ST,C,BRANDON,R7A 4G5,2047261600,,,869903,7,,5,ORGANIZATIONS,,A,2
,,,,,,,,,ABC TAXI,"YOHANNES, BEBE",144 12TH ST,,BRANDON,R7A 4L7,2047261600,,,412101,,,,TAXICABS & TRANSPORTATION SERVICE,YOHANNES,JACK,
,,,END 2000,NO,,,,,ABCO SUPPLY,,870 LAGIMODIERE BLVD,"WINNIPEG, MB ",WI NNIPEG,,(204)633-8071,9015,,,,,,,,,
,,,END 2004,NO,,,,,ABCO SUPPLY,,VICTORIA AVENUE EAST,"BRANDON, MB ",BRANDON,,,2100,,,,,,,,,
,,,END 2005,NO,,,,,ABCO SUPPLY & SERVICE,,1595 BUFFALO PLACE,"WINNIPEG, MB ",WINNIPEG,,,5825,,,,,,,,,
,,,END 2008,NO,,,,,ABCO SUPPLY & SERVICE LTD.,,1244 BORDER STREET,"WINNIPEG, MB R3H 0M6",WINNIPEG,R3H 0M6,(204)633-8071,2480,,,,,,,,,
,,,,no,,,,,ABCO SUPPLY & SVC LTD,DARCY SHORROCK,1346 SPRUCE ST,,WINNIPEG,R3E 2V7,2046338071,,,805909,11,,9,PERSONAL CARE HOMES,,A,2
,,,,,,,,,ABDI'S SUPERMARKET,"BARUD, ABDRIZAK",861 PORTAGE AVE,,WINNIPEG,R3G 0N8,2047832990,,,541105,,,,GROCERS-RETAIL,BARUD,GEORGE,OWNER
,,,,,,,,,ABDIWAHAB RASHID DAHIR,,25 ST VITAL RD,,WINNIPEG,R2M 1Z2,2044164135,,,999977,,,,NONCLASSIFIED ESTABLISHMENTS,,,
,,,,,,,,,"ABDULREHMAN, ABDUL S MD",,200 ST ANNE'S RD,,WINNIPEG,R2M 3A1,2042553998,,,801101,,,,PHYSICIANS & SURGEONS,ABDULREHMAN,,
,,,,YES,,,,,ABE BANMAN,,30102 ROAD 2 WEST,"ROSENORT, MB R0G 1W0",ROSENORT,R0G 1W0,(204)746-2135,6474,,,,,,,,,
,,,,YES,,,,,ABE WALL TRUCKING,"WALL, ABE",459 MANITOBA RD,,WINKLER,R6W 1S3,2043258361,4918,,753812,,,,TRUCK-REPAIRING & SERVICE,WALL,JACK,OWNER
,,,END 2004,NO,,,,,ABEL WESTERN LIMITED,,1375 CHURCH AVENUE,"WINNIPEG, MB R2X 2T7",WINNIPEG,R2X 2T7,,248,,,,,,,,A,2
,,,,,,,,,ABEL WESTERN LTD,"CALSBECK, RANDY",360 KEEWATIN ST,22,WINNIPEG,R2X 2Y3,2046335028,,,152105,,,,HOME IMPROVEMENTS,CALSBECK,MARCEL,PRINCIPAL
,,,,,,,,,ABELL MEDICAL CLINIC,,134 1ST ST,,WAWANESA,R0K 2G0,2048242327,,,801101,,,,PHYSICIANS & SURGEONS,,,
,,,,YES,,,,,ABELL PEST CONTROL,"HOOGERVORST, MARY",1353 SPRUCE ST,,WINNIPEG,R3E 2V8,2047833396,8233,,734201,,,,PEST CONTROL,HOOGERVORST,KEN,PRINCIPAL
,,,,,,,,,ABERDEEN CHIROPRACTIC OFFICE,"SPEIRS, ROBERT DC",1080 MAIN ST,,WINNIPEG,R2W 5J3,2045868424,,,804101,,,,CHIROPRACTORS DC,SPEIRS,DANIEL,ADMINISTRATOR
,,,,,,,,,ABERDEEN CHURCH,,265 FLORA AVE,,WINNIPEG,R2W 2R2,2042213000,,,866107,,,,CHURCHES,,DONALD A,
,,,,,,,,,ABERDEEN HOME IMPROVEMENTS,,542 TREMBLAY ST,,WINNIPEG,R2J 0N6,2042311890,,,521107,,,,WINDOWS,,,
,,,,,,,,,ABERDEEN PHARMACY,"DOLEEB, FATHELRAHMA",1553 ARLINGTON ST,,WINNIPEG,R2X 1V3,2045892993,,,591205,,,,PHARMACIES,DOLEEB,JACK,MANAGER
,,,END 2012,NO,,,,,ABE'S CYLINDER HEAD CLINIC,,114 MILLWORK DRIVE,"STEINBACH, MB R5G 1W1",STEINBACH,R5G 1W1,(204)326-4424,3922,,,,,,,,,
,,,,no,,,,,ABESCO LIMITED,JIM VEITCH,566 DOBBIE AVE,,WINNIPEG,R2K 1G4,2046673981,,,821103,11,,9,ACCOUNTANTS,,B,2
,,,,,,,,,ABIBNDANT LIFE CHURCH,"BESSA, MANUEL",465 ATLANTIC AVE,,WINNIPEG,R2W 0R7,2045828723,,,866107,,,,CHURCHES,BESSA,TRISH,PRINCIPAL
,,,,,,,,,ABILITY AWARENESS CTR FOR CND,,1911 PORTAGE AVE,1,WINNIPEG,R3J 0J3,2048887376,,,872105,,,,TAX CONSULTANTS,,,
,,,,,,,,,ABILITY HEATING & PLUMBING INC,,407 TURENNE ST,,WINNIPEG,R2J 0S5,2042370338,,,171105,,,,PLUMBING CONTRACTORS,,,
,,,,,,,,,ABILITY TRANSPORT LTD,"KHOSA, RO",749 WALL ST,,WINNIPEG,R3G 2T6,2046325612,,,411901,,,,HANDICAPPED TRANSPORTATION SERVICE,KHOSA,CANON,MANAGER
